ADC_Buff.BATTV[0][0], 0x066E,
ADC_Buff.BATTV[0][1], 0x061F,
ADC_Buff.BATTV[0][2], 0x0641,
ADC_Buff.BATTV[0][3], 0x0640,
ADC_Buff.BATTV[0][4], 0x0588,
ADC_Buff.BATTV[0][5], 0x058E,
ADC_Buff.BATTV[0][6], 0x05BC,
ADC_Buff.BATTV[0][7], 0x05AB,
ADC_Buff.BATTV[0][8], 0x067A,
ADC_Buff.BATTV[0][9], 0x06FC,
ADC_Buff.BATTV[0][10], 0x0822,
ADC_Buff.BATTV[0][11], 0x08B9,
ADC_Buff.BATTV[0][12], 0x08A3,
ADC_Buff.BATTV[0][13], 0x0893,
ADC_Buff.BATTV[0][14], 0x075D,
ADC_Buff.BATTV[0][15], 0x071B,
ADC_Buff.BATTV[0][16], 0x06E7,
ADC_Buff.BATTV[0][17], 0x0678,
ADC_Buff.BATTV[0][18], 0x061E,
ADC_Buff.BATTV[0][19], 0x0649,
ADC_Buff.BATTV[0][20], 0x063D,
ADC_Buff.BATTV[0][21], 0x06B8,
ADC_Buff.BATTV[0][22], 0x0647,
ADC_Buff.BATTV[0][23], 0x05F9,
ADC_Buff.BATTV[0][24], 0x06A0,
ADC_Buff.BATTV[0][25], 0x0640,
ADC_Buff.BATTV[0][26], 0x0696,
ADC_Buff.BATTV[0][27], 0x05F4,
ADC_Buff.BATTV[0][28], 0x05C8,
ADC_Buff.BATTV[0][29], 0x061B,
ADC_Buff.BATTV[0][30], 0x059F,
ADC_Buff.BATTV[0][31], 0x0584,
ADC_Buff.BATTV[0][32], 0x056E,
ADC_Buff.BATTV[0][33], 0x0563,
ADC_Buff.BATTV[0][34], 0x057A,
ADC_Buff.BATTV[0][35], 0x059B,
ADC_Buff.BATTV[0][36], 0x0536,
ADC_Buff.BATTV[0][37], 0x05F8,
ADC_Buff.BATTV[0][38], 0x064A,
ADC_Buff.BATTV[0][39], 0x0701,
ADC_Buff.BATTV[0][40], 0x0813,
ADC_Buff.BATTV[0][41], 0x0944,
ADC_Buff.BATTV[0][42], 0x0AA9,
ADC_Buff.BATTV[0][43], 0x0A09,
ADC_Buff.BATTV[0][44], 0x0985,
ADC_Buff.BATTV[0][45], 0x08D9,
ADC_Buff.BATTV[0][46], 0x082D,
ADC_Buff.BATTV[0][47], 0x082E,
ADC_Buff.BATTV[0][48], 0x081F,
ADC_Buff.BATTV[0][49], 0x07BC,
ADC_Buff.BATTV[0][50], 0x0812,
ADC_Buff.BATTV[0][51], 0x0812,
ADC_Buff.BATTV[0][52], 0x075E,
ADC_Buff.BATTV[0][53], 0x07A1,
ADC_Buff.BATTV[0][54], 0x072F,
ADC_Buff.BATTV[0][55], 0x07B5,
ADC_Buff.BATTV[0][56], 0x0828,
ADC_Buff.BATTV[0][57], 0x083C,
ADC_Buff.BATTV[0][58], 0x086C,
ADC_Buff.BATTV[0][59], 0x07A0,
ADC_Buff.BATTV[0][60], 0x07C4,
ADC_Buff.BATTV[0][61], 0x07AE,
ADC_Buff.BATTV[0][62], 0x0768,
ADC_Buff.BATTV[0][63], 0x071B,
ADC_Buff.BATTV[1][0], 0x072D,
ADC_Buff.BATTV[1][1], 0x0716,
ADC_Buff.BATTV[1][2], 0x078B,
ADC_Buff.BATTV[1][3], 0x0759,
ADC_Buff.BATTV[1][4], 0x077D,
ADC_Buff.BATTV[1][5], 0x088A,
ADC_Buff.BATTV[1][6], 0x092D,
ADC_Buff.BATTV[1][7], 0x0A3D,
ADC_Buff.BATTV[1][8], 0x0A0A,
ADC_Buff.BATTV[1][9], 0x0A3E,
ADC_Buff.BATTV[1][10], 0x0A97,
ADC_Buff.BATTV[1][11], 0x09DA,
ADC_Buff.BATTV[1][12], 0x099E,
ADC_Buff.BATTV[1][13], 0x0976,
ADC_Buff.BATTV[1][14], 0x0975,
ADC_Buff.BATTV[1][15], 0x09CD,
ADC_Buff.BATTV[1][16], 0x09EA,
ADC_Buff.BATTV[1][17], 0x094C,
ADC_Buff.BATTV[1][18], 0x09C5,
ADC_Buff.BATTV[1][19], 0x0944,
ADC_Buff.BATTV[1][20], 0x0921,
ADC_Buff.BATTV[1][21], 0x0969,
ADC_Buff.BATTV[1][22], 0x0975,
ADC_Buff.BATTV[1][23], 0x0A1B,
ADC_Buff.BATTV[1][24], 0x09AC,
ADC_Buff.BATTV[1][25], 0x0983,
ADC_Buff.BATTV[1][26], 0x08F0,
ADC_Buff.BATTV[1][27], 0x0846,
ADC_Buff.BATTV[1][28], 0x0821,
ADC_Buff.BATTV[1][29], 0x07D1,
ADC_Buff.BATTV[1][30], 0x0749,
ADC_Buff.BATTV[1][31], 0x0767,
ADC_Buff.BATTV[1][32], 0x07A1,
ADC_Buff.BATTV[1][33], 0x07D0,
ADC_Buff.BATTV[1][34], 0x0892,
ADC_Buff.BATTV[1][35], 0x0887,
ADC_Buff.BATTV[1][36], 0x095A,
ADC_Buff.BATTV[1][37], 0x09E0,
ADC_Buff.BATTV[1][38], 0x09EC,
ADC_Buff.BATTV[1][39], 0x09D5,
ADC_Buff.BATTV[1][40], 0x087C,
ADC_Buff.BATTV[1][41], 0x0855,
ADC_Buff.BATTV[1][42], 0x0811,
ADC_Buff.BATTV[1][43], 0x07A6,
ADC_Buff.BATTV[1][44], 0x0750,
ADC_Buff.BATTV[1][45], 0x074C,
ADC_Buff.BATTV[1][46], 0x073A,
ADC_Buff.BATTV[1][47], 0x07B2,
ADC_Buff.BATTV[1][48], 0x074E,
ADC_Buff.BATTV[1][49], 0x0754,
ADC_Buff.BATTV[1][50], 0x0810,
ADC_Buff.BATTV[1][51], 0x07C8,
ADC_Buff.BATTV[1][52], 0x07E0,
ADC_Buff.BATTV[1][53], 0x06E8,
ADC_Buff.BATTV[1][54], 0x0677,
ADC_Buff.BATTV[1][55], 0x0647,
ADC_Buff.BATTV[1][56], 0x0554,
ADC_Buff.BATTV[1][57], 0x04D9,
ADC_Buff.BATTV[1][58], 0x045A,
ADC_Buff.BATTV[1][59], 0x0434,
ADC_Buff.BATTV[1][60], 0x0448,
ADC_Buff.BATTV[1][61], 0x0428,
ADC_Buff.BATTV[1][62], 0x03A9,
ADC_Buff.BATTV[1][63], 0x044B,
ADC_Buff.BATTV[2][0], 0x0459,
ADC_Buff.BATTV[2][1], 0x04F7,
ADC_Buff.BATTV[2][2], 0x0533,
ADC_Buff.BATTV[2][3], 0x05C0,
ADC_Buff.BATTV[2][4], 0x06F9,
ADC_Buff.BATTV[2][5], 0x065A,
ADC_Buff.BATTV[2][6], 0x064E,
ADC_Buff.BATTV[2][7], 0x05FA,
ADC_Buff.BATTV[2][8], 0x05A7,
ADC_Buff.BATTV[2][9], 0x0607,
ADC_Buff.BATTV[2][10], 0x062D,
ADC_Buff.BATTV[2][11], 0x05FF,
ADC_Buff.BATTV[2][12], 0x0654,
ADC_Buff.BATTV[2][13], 0x0655,
ADC_Buff.BATTV[2][14], 0x05F2,
ADC_Buff.BATTV[2][15], 0x066F,
ADC_Buff.BATTV[2][16], 0x0610,
ADC_Buff.BATTV[2][17], 0x06C2,
ADC_Buff.BATTV[2][18], 0x0762,
ADC_Buff.BATTV[2][19], 0x07C6,
ADC_Buff.BATTV[2][20], 0x0829,
ADC_Buff.BATTV[2][21], 0x0776,
ADC_Buff.BATTV[2][22], 0x07A8,
ADC_Buff.BATTV[2][23], 0x0775,
ADC_Buff.BATTV[2][24], 0x072A,
ADC_Buff.BATTV[2][25], 0x06EB,
ADC_Buff.BATTV[2][26], 0x0701,
ADC_Buff.BATTV[2][27], 0x06FF,
ADC_Buff.BATTV[2][28], 0x0767,
ADC_Buff.BATTV[2][29], 0x06CD,
ADC_Buff.BATTV[2][30], 0x06AF,
ADC_Buff.BATTV[2][31], 0x0767,
ADC_Buff.BATTV[2][32], 0x07AF,
ADC_Buff.BATTV[2][33], 0x08C4,
ADC_Buff.BATTV[2][34], 0x0918,
ADC_Buff.BATTV[2][35], 0x09E1,
ADC_Buff.BATTV[2][36], 0x0A76,
ADC_Buff.BATTV[2][37], 0x09CB,
ADC_Buff.BATTV[2][38], 0x097E,
ADC_Buff.BATTV[2][39], 0x090D,
ADC_Buff.BATTV[2][40], 0x08F4,
ADC_Buff.BATTV[2][41], 0x0910,
ADC_Buff.BATTV[2][42], 0x0902,
ADC_Buff.BATTV[2][43], 0x088A,
ADC_Buff.BATTV[2][44], 0x0929,
ADC_Buff.BATTV[2][45], 0x095C,
ADC_Buff.BATTV[2][46], 0x09D5,
ADC_Buff.BATTV[2][47], 0x0A39,
ADC_Buff.BATTV[2][48], 0x0A15,
ADC_Buff.BATTV[2][49], 0x0A8C,
ADC_Buff.BATTV[2][50], 0x09BB,
ADC_Buff.BATTV[2][51], 0x0960,
ADC_Buff.BATTV[2][52], 0x08B9,
ADC_Buff.BATTV[2][53], 0x080F,
ADC_Buff.BATTV[2][54], 0x080A,
ADC_Buff.BATTV[2][55], 0x07D0,
ADC_Buff.BATTV[2][56], 0x073F,
ADC_Buff.BATTV[2][57], 0x0758,
ADC_Buff.BATTV[2][58], 0x0784,
ADC_Buff.BATTV[2][59], 0x07A0,
ADC_Buff.BATTV[2][60], 0x0853,
ADC_Buff.BATTV[2][61], 0x0877,
ADC_Buff.BATTV[2][62], 0x096E,
ADC_Buff.BATTV[2][63], 0x0A29,
ADC_Buff.BATTV[3][0], 0x0A95,
ADC_Buff.BATTV[3][1], 0x0A94,
ADC_Buff.BATTV[3][2], 0x0946,
ADC_Buff.BATTV[3][3], 0x08FD,
ADC_Buff.BATTV[3][4], 0x0867,
ADC_Buff.BATTV[3][5], 0x07B4,
ADC_Buff.BATTV[3][6], 0x074C,
ADC_Buff.BATTV[3][7], 0x0737,
ADC_Buff.BATTV[3][8], 0x0739,
ADC_Buff.BATTV[3][9], 0x07B8,
ADC_Buff.BATTV[3][10], 0x06F3,
ADC_Buff.BATTV[3][11], 0x0693,
ADC_Buff.BATTV[3][12], 0x0714,
ADC_Buff.BATTV[3][13], 0x06B7,
ADC_Buff.BATTV[3][14], 0x06CC,
ADC_Buff.BATTV[3][15], 0x05F9,
ADC_Buff.BATTV[3][16], 0x05CE,
ADC_Buff.BATTV[3][17], 0x05DA,
ADC_Buff.BATTV[3][18], 0x050F,
ADC_Buff.BATTV[3][19], 0x04A6,
ADC_Buff.BATTV[3][20], 0x0428,
ADC_Buff.BATTV[3][21], 0x040D,
ADC_Buff.BATTV[3][22], 0x041D,
ADC_Buff.BATTV[3][23], 0x040C,
ADC_Buff.BATTV[3][24], 0x03C8,
ADC_Buff.BATTV[3][25], 0x047B,
ADC_Buff.BATTV[3][26], 0x043C,
ADC_Buff.BATTV[3][27], 0x04A3,
ADC_Buff.BATTV[3][28], 0x056A,
ADC_Buff.BATTV[3][29], 0x064D,
ADC_Buff.BATTV[3][30], 0x07A0,
ADC_Buff.BATTV[3][31], 0x075F,
ADC_Buff.BATTV[3][32], 0x0774,
ADC_Buff.BATTV[3][33], 0x06EC,
ADC_Buff.BATTV[3][34], 0x065E,
ADC_Buff.BATTV[3][35], 0x0677,
ADC_Buff.BATTV[3][36], 0x0643,
ADC_Buff.BATTV[3][37], 0x05DC,
ADC_Buff.BATTV[3][38], 0x0611,
ADC_Buff.BATTV[3][39], 0x0623,
ADC_Buff.BATTV[3][40], 0x05F3,
ADC_Buff.BATTV[3][41], 0x0658,
ADC_Buff.BATTV[3][42], 0x0571,
ADC_Buff.BATTV[3][43], 0x05D7,
ADC_Buff.BATTV[3][44], 0x06B9,
ADC_Buff.BATTV[3][45], 0x075E,
ADC_Buff.BATTV[3][46], 0x07B7,
ADC_Buff.BATTV[3][47], 0x06D5,
ADC_Buff.BATTV[3][48], 0x06F1,
ADC_Buff.BATTV[3][49], 0x069A,
ADC_Buff.BATTV[3][50], 0x063C,
ADC_Buff.BATTV[3][51], 0x05E8,
ADC_Buff.BATTV[3][52], 0x05C3,
ADC_Buff.BATTV[3][53], 0x0581,
ADC_Buff.BATTV[3][54], 0x05AE,
ADC_Buff.BATTV[3][55], 0x0552,
ADC_Buff.BATTV[3][56], 0x058F,
ADC_Buff.BATTV[3][57], 0x067C,
ADC_Buff.BATTV[3][58], 0x06D1,
ADC_Buff.BATTV[3][59], 0x07E4,
ADC_Buff.BATTV[3][60], 0x088C,
ADC_Buff.BATTV[3][61], 0x09AC,
ADC_Buff.BATTV[3][62], 0x0A42,
ADC_Buff.BATTV[3][63], 0x096A,
ADC_Buff.BATTV[4][0], 0x0901,
ADC_Buff.BATTV[4][1], 0x087C,
ADC_Buff.BATTV[4][2], 0x0869,
ADC_Buff.BATTV[4][3], 0x089F,
ADC_Buff.BATTV[4][4], 0x0868,
ADC_Buff.BATTV[4][5], 0x07BF,
ADC_Buff.BATTV[4][6], 0x080E,
ADC_Buff.BATTV[4][7], 0x07B2,
ADC_Buff.BATTV[4][8], 0x07DE,
ADC_Buff.BATTV[4][9], 0x081B,
ADC_Buff.BATTV[4][10], 0x0817,
ADC_Buff.BATTV[4][11], 0x08CC,
ADC_Buff.BATTV[4][12], 0x086D,
ADC_Buff.BATTV[4][13], 0x087A,
ADC_Buff.BATTV[4][14], 0x07D6,
ADC_Buff.BATTV[4][15], 0x0733,
ADC_Buff.BATTV[4][16], 0x072D,
ADC_Buff.BATTV[4][17], 0x06E0,
ADC_Buff.BATTV[4][18], 0x0695,
ADC_Buff.BATTV[4][19], 0x06E0,
ADC_Buff.BATTV[4][20], 0x06FB,
ADC_Buff.BATTV[4][21], 0x06F4,
ADC_Buff.BATTV[4][22], 0x077C,
ADC_Buff.BATTV[4][23], 0x0731,
ADC_Buff.BATTV[4][24], 0x0800,
ADC_Buff.BATTV[4][25], 0x097B,
ADC_Buff.BATTV[4][26], 0x0AFB,
ADC_Buff.BATTV[4][27], 0x0BA3,
ADC_Buff.BATTV[4][28], 0x0AFD,
ADC_Buff.BATTV[4][29], 0x0B04,
ADC_Buff.BATTV[4][30], 0x0A24,
ADC_Buff.BATTV[4][31], 0x094B,
ADC_Buff.BATTV[4][32], 0x08B1,
ADC_Buff.BATTV[4][33], 0x0856,
ADC_Buff.BATTV[4][34], 0x0839,
ADC_Buff.BATTV[4][35], 0x088E,
ADC_Buff.BATTV[4][36], 0x07F8,
ADC_Buff.BATTV[4][37], 0x07DD,
ADC_Buff.BATTV[4][38], 0x0881,
ADC_Buff.BATTV[4][39], 0x0869,
ADC_Buff.BATTV[4][40], 0x084E,
ADC_Buff.BATTV[4][41], 0x06C7,
ADC_Buff.BATTV[4][42], 0x067A,
ADC_Buff.BATTV[4][43], 0x06C8,
ADC_Buff.BATTV[4][44], 0x0651,
ADC_Buff.BATTV[4][45], 0x0656,
ADC_Buff.BATTV[4][46], 0x0633,
ADC_Buff.BATTV[4][47], 0x0658,
ADC_Buff.BATTV[4][48], 0x0681,
ADC_Buff.BATTV[4][49], 0x064B,
ADC_Buff.BATTV[4][50], 0x05D0,
ADC_Buff.BATTV[4][51], 0x0642,
ADC_Buff.BATTV[4][52], 0x05E3,
ADC_Buff.BATTV[4][53], 0x0636,
ADC_Buff.BATTV[4][54], 0x06B8,
ADC_Buff.BATTV[4][55], 0x0742,
ADC_Buff.BATTV[4][56], 0x0879,
ADC_Buff.BATTV[4][57], 0x08E3,
ADC_Buff.BATTV[4][58], 0x0988,
ADC_Buff.BATTV[4][59], 0x08E2,
ADC_Buff.BATTV[4][60], 0x082A,
ADC_Buff.BATTV[4][61], 0x0811,
ADC_Buff.BATTV[4][62], 0x076A,
ADC_Buff.BATTV[4][63], 0x06E5,
ADC_Buff.BATTV[5][0], 0x0703,
ADC_Buff.BATTV[5][1], 0x0703,
ADC_Buff.BATTV[5][2], 0x0719,
ADC_Buff.BATTV[5][3], 0x07A1,
ADC_Buff.BATTV[5][4], 0x0724,
ADC_Buff.BATTV[5][5], 0x07DB,
ADC_Buff.BATTV[5][6], 0x07E5,
ADC_Buff.BATTV[5][7], 0x0787,
ADC_Buff.BATTV[5][8], 0x06F8,
ADC_Buff.BATTV[5][9], 0x0566,
ADC_Buff.BATTV[5][10], 0x0534,
ADC_Buff.BATTV[5][11], 0x04BF,
ADC_Buff.BATTV[5][12], 0x046B,
ADC_Buff.BATTV[5][13], 0x042C,
ADC_Buff.BATTV[5][14], 0x03F5,
ADC_Buff.BATTV[5][15], 0x03F3,
ADC_Buff.BATTV[5][16], 0x0460,
ADC_Buff.BATTV[5][17], 0x03F9,
ADC_Buff.BATTV[5][18], 0x040A,
ADC_Buff.BATTV[5][19], 0x048E,
ADC_Buff.BATTV[5][20], 0x0460,
ADC_Buff.BATTV[5][21], 0x052E,
ADC_Buff.BATTV[5][22], 0x0541,
ADC_Buff.BATTV[5][23], 0x0531,
ADC_Buff.BATTV[5][24], 0x0458,
ADC_Buff.BATTV[5][25], 0x029A,
ADC_Buff.BATTV[5][26], 0x01B1,
ADC_Buff.BATTV[5][27], 0x0118,
ADC_Buff.BATTV[5][28], 0x00F3,
ADC_Buff.BATTV[5][29], 0x00EF,
ADC_Buff.BATTV[5][30], 0x00B8,
ADC_Buff.BATTV[5][31], 0x009D,
ADC_Buff.BATTV[5][32], 0x00EF,
ADC_Buff.BATTV[5][33], 0x00CC,
ADC_Buff.BATTV[5][34], 0x012C,
ADC_Buff.BATTV[5][35], 0x015B,
ADC_Buff.BATTV[5][36], 0x0176,
ADC_Buff.BATTV[5][37], 0x0270,
ADC_Buff.BATTV[5][38], 0x0232,
ADC_Buff.BATTV[5][39], 0x0266,
ADC_Buff.BATTV[5][40], 0x01EE,
ADC_Buff.BATTV[5][41], 0x01AB,
ADC_Buff.BATTV[5][42], 0x0206,
ADC_Buff.BATTV[5][43], 0x01E4,
ADC_Buff.BATTV[5][44], 0x0198,
ADC_Buff.BATTV[5][45], 0x01BF,
ADC_Buff.BATTV[5][46], 0x01DF,
ADC_Buff.BATTV[5][47], 0x01FF,
ADC_Buff.BATTV[5][48], 0x0272,
ADC_Buff.BATTV[5][49], 0x01EF,
ADC_Buff.BATTV[5][50], 0x02B0,
ADC_Buff.BATTV[5][51], 0x0340,
ADC_Buff.BATTV[5][52], 0x03E2,
ADC_Buff.BATTV[5][53], 0x0495,
ADC_Buff.BATTV[5][54], 0x04B3,
ADC_Buff.BATTV[5][55], 0x059C,
ADC_Buff.BATTV[5][56], 0x0554,
ADC_Buff.BATTV[5][57], 0x048C,
ADC_Buff.BATTV[5][58], 0x0411,
ADC_Buff.BATTV[5][59], 0x03EF,
ADC_Buff.BATTV[5][60], 0x0422,
ADC_Buff.BATTV[5][61], 0x04AC,
ADC_Buff.BATTV[5][62], 0x044F,
ADC_Buff.BATTV[5][63], 0x046E,
ADC_Buff.BATTV[6][0], 0x052E,
ADC_Buff.BATTV[6][1], 0x0552,
ADC_Buff.BATTV[6][2], 0x061E,
ADC_Buff.BATTV[6][3], 0x0616,
ADC_Buff.BATTV[6][4], 0x06B1,
ADC_Buff.BATTV[6][5], 0x0719,
ADC_Buff.BATTV[6][6], 0x065B,
ADC_Buff.BATTV[6][7], 0x0609,
ADC_Buff.BATTV[6][8], 0x056F,
ADC_Buff.BATTV[6][9], 0x057D,
ADC_Buff.BATTV[6][10], 0x05B6,
ADC_Buff.BATTV[6][11], 0x0592,
ADC_Buff.BATTV[6][12], 0x054B,
ADC_Buff.BATTV[6][13], 0x05DB,
ADC_Buff.BATTV[6][14], 0x0583,
ADC_Buff.BATTV[6][15], 0x05DD,
ADC_Buff.BATTV[6][16], 0x061F,
ADC_Buff.BATTV[6][17], 0x064D,
ADC_Buff.BATTV[6][18], 0x074D,
ADC_Buff.BATTV[6][19], 0x07D9,
ADC_Buff.BATTV[6][20], 0x0883,
ADC_Buff.BATTV[6][21], 0x07F7,
ADC_Buff.BATTV[6][22], 0x075B,
ADC_Buff.BATTV[6][23], 0x073B,
ADC_Buff.BATTV[6][24], 0x0692,
ADC_Buff.BATTV[6][25], 0x060B,
ADC_Buff.BATTV[6][26], 0x0606,
ADC_Buff.BATTV[6][27], 0x05EF,
ADC_Buff.BATTV[6][28], 0x05F1,
ADC_Buff.BATTV[6][29], 0x065E,
ADC_Buff.BATTV[6][30], 0x0631,
ADC_Buff.BATTV[6][31], 0x0734,
ADC_Buff.BATTV[6][32], 0x07DC,
ADC_Buff.BATTV[6][33], 0x0824,
ADC_Buff.BATTV[6][34], 0x07E9,
ADC_Buff.BATTV[6][35], 0x0692,
ADC_Buff.BATTV[6][36], 0x067C,
ADC_Buff.BATTV[6][37], 0x05CD,
ADC_Buff.BATTV[6][38], 0x0556,
ADC_Buff.BATTV[6][39], 0x0505,
ADC_Buff.BATTV[6][40], 0x04C7,
ADC_Buff.BATTV[6][41], 0x04A8,
ADC_Buff.BATTV[6][42], 0x04D7,
ADC_Buff.BATTV[6][43], 0x0450,
ADC_Buff.BATTV[6][44], 0x0451,
ADC_Buff.BATTV[6][45], 0x04A4,
ADC_Buff.BATTV[6][46], 0x040D,
ADC_Buff.BATTV[6][47], 0x0494,
ADC_Buff.BATTV[6][48], 0x04C9,
ADC_Buff.BATTV[6][49], 0x05A7,
ADC_Buff.BATTV[6][50], 0x065D,
ADC_Buff.BATTV[6][51], 0x066A,
ADC_Buff.BATTV[6][52], 0x0687,
ADC_Buff.BATTV[6][53], 0x05E9,
ADC_Buff.BATTV[6][54], 0x05E4,
ADC_Buff.BATTV[6][55], 0x0608,
ADC_Buff.BATTV[6][56], 0x05A7,
ADC_Buff.BATTV[6][57], 0x055B,
ADC_Buff.BATTV[6][58], 0x05CB,
ADC_Buff.BATTV[6][59], 0x05C5,
ADC_Buff.BATTV[6][60], 0x0642,
ADC_Buff.BATTV[6][61], 0x067D,
ADC_Buff.BATTV[6][62], 0x06CA,
ADC_Buff.BATTV[6][63], 0x07BA,
ADC_Buff.BATTV[7][0], 0x0789,
ADC_Buff.BATTV[7][1], 0x07A6,
ADC_Buff.BATTV[7][2], 0x06AB,
ADC_Buff.BATTV[7][3], 0x05D7,
ADC_Buff.BATTV[7][4], 0x05CC,
ADC_Buff.BATTV[7][5], 0x054C,
ADC_Buff.BATTV[7][6], 0x04EB,
ADC_Buff.BATTV[7][7], 0x04FC,
ADC_Buff.BATTV[7][8], 0x0503,
ADC_Buff.BATTV[7][9], 0x0512,
ADC_Buff.BATTV[7][10], 0x0568,
ADC_Buff.BATTV[7][11], 0x04D7,
ADC_Buff.BATTV[7][12], 0x0596,
ADC_Buff.BATTV[7][13], 0x05AD,
ADC_Buff.BATTV[7][14], 0x05DB,
ADC_Buff.BATTV[7][15], 0x0549,
ADC_Buff.BATTV[7][16], 0x0494,
ADC_Buff.BATTV[7][17], 0x0551,
ADC_Buff.BATTV[7][18], 0x0540,
ADC_Buff.BATTV[7][19], 0x056D,
ADC_Buff.BATTV[7][20], 0x05BC,
ADC_Buff.BATTV[7][21], 0x05D4,
ADC_Buff.BATTV[7][22], 0x0631,
ADC_Buff.BATTV[7][23], 0x06BF,
ADC_Buff.BATTV[7][24], 0x0664,
ADC_Buff.BATTV[7][25], 0x0689,
ADC_Buff.BATTV[7][26], 0x0717,
ADC_Buff.BATTV[7][27], 0x074E,
ADC_Buff.BATTV[7][28], 0x0838,
ADC_Buff.BATTV[7][29], 0x08B3,
ADC_Buff.BATTV[7][30], 0x09B8,
ADC_Buff.BATTV[7][31], 0x0A24,
ADC_Buff.BATTV[7][32], 0x0980,
ADC_Buff.BATTV[7][33], 0x0912,
ADC_Buff.BATTV[7][34], 0x0820,
ADC_Buff.BATTV[7][35], 0x07FA,
ADC_Buff.BATTV[7][36], 0x07A7,
ADC_Buff.BATTV[7][37], 0x071F,
ADC_Buff.BATTV[7][38], 0x06B4,
ADC_Buff.BATTV[7][39], 0x0717,
ADC_Buff.BATTV[7][40], 0x06C5,
ADC_Buff.BATTV[7][41], 0x072D,
ADC_Buff.BATTV[7][42], 0x0746,
ADC_Buff.BATTV[7][43], 0x076E,
ADC_Buff.BATTV[7][44], 0x085F,
ADC_Buff.BATTV[7][45], 0x086E,
ADC_Buff.BATTV[7][46], 0x090E,
ADC_Buff.BATTV[7][47], 0x08B8,
ADC_Buff.BATTV[7][48], 0x0873,
ADC_Buff.BATTV[7][49], 0x089F,
ADC_Buff.BATTV[7][50], 0x07F7,
ADC_Buff.BATTV[7][51], 0x0797,
ADC_Buff.BATTV[7][52], 0x0786,
ADC_Buff.BATTV[7][53], 0x0760,
ADC_Buff.BATTV[7][54], 0x0766,
ADC_Buff.BATTV[7][55], 0x078F,
ADC_Buff.BATTV[7][56], 0x0709,
ADC_Buff.BATTV[7][57], 0x07CC,
ADC_Buff.BATTV[7][58], 0x0857,
ADC_Buff.BATTV[7][59], 0x0922,
ADC_Buff.BATTV[7][60], 0x0A1E,
ADC_Buff.BATTV[7][61], 0x0A60,
ADC_Buff.BATTV[7][62], 0x0B1B,
ADC_Buff.BATTV[7][63], 0x0AB3,
ADC_Buff.BATTV[8][0], 0x0A39,
ADC_Buff.BATTV[8][1], 0x09AB,
ADC_Buff.BATTV[8][2], 0x0915,
ADC_Buff.BATTV[8][3], 0x08FB,
ADC_Buff.BATTV[8][4], 0x08FD,
ADC_Buff.BATTV[8][5], 0x0850,
ADC_Buff.BATTV[8][6], 0x0863,
ADC_Buff.BATTV[8][7], 0x08A1,
ADC_Buff.BATTV[8][8], 0x0841,
ADC_Buff.BATTV[8][9], 0x08B8,
ADC_Buff.BATTV[8][10], 0x0892,
ADC_Buff.BATTV[8][11], 0x0918,
ADC_Buff.BATTV[8][12], 0x094B,
ADC_Buff.BATTV[8][13], 0x08E8,
ADC_Buff.BATTV[8][14], 0x08B9,
ADC_Buff.BATTV[8][15], 0x07EE,
ADC_Buff.BATTV[8][16], 0x07EA,
ADC_Buff.BATTV[8][17], 0x07CF,
ADC_Buff.BATTV[8][18], 0x0753,
ADC_Buff.BATTV[8][19], 0x06EE,
ADC_Buff.BATTV[8][20], 0x0765,
ADC_Buff.BATTV[8][21], 0x0774,
ADC_Buff.BATTV[8][22], 0x080F,
ADC_Buff.BATTV[8][23], 0x0858,
ADC_Buff.BATTV[8][24], 0x08CB,
ADC_Buff.BATTV[8][25], 0x09CC,
ADC_Buff.BATTV[8][26], 0x09AA,
ADC_Buff.BATTV[8][27], 0x09B7,
ADC_Buff.BATTV[8][28], 0x08B1,
ADC_Buff.BATTV[8][29], 0x0815,
ADC_Buff.BATTV[8][30], 0x07ED,
ADC_Buff.BATTV[8][31], 0x06FC,
ADC_Buff.BATTV[8][32], 0x0660,
ADC_Buff.BATTV[8][33], 0x063F,
ADC_Buff.BATTV[8][34], 0x05ED,
ADC_Buff.BATTV[8][35], 0x05D6,
ADC_Buff.BATTV[8][36], 0x0620,
ADC_Buff.BATTV[8][37], 0x05A5,
ADC_Buff.BATTV[8][38], 0x065F,
ADC_Buff.BATTV[8][39], 0x0656,
ADC_Buff.BATTV[8][40], 0x0636,
ADC_Buff.BATTV[8][41], 0x05C7,
ADC_Buff.BATTV[8][42], 0x044B,
ADC_Buff.BATTV[8][43], 0x035C,
ADC_Buff.BATTV[8][44], 0x0213,
ADC_Buff.BATTV[8][45], 0x014A,
ADC_Buff.BATTV[8][46], 0x00E0,
ADC_Buff.BATTV[8][47], 0x00A0,
ADC_Buff.BATTV[8][48], 0x0080,
ADC_Buff.BATTV[8][49], 0x0073,
ADC_Buff.BATTV[8][50], 0x0068,
ADC_Buff.BATTV[8][51], 0x0074,
ADC_Buff.BATTV[8][52], 0x0079,
ADC_Buff.BATTV[8][53], 0x0080,
ADC_Buff.BATTV[8][54], 0x0126,
ADC_Buff.BATTV[8][55], 0x0136,
ADC_Buff.BATTV[8][56], 0x0202,
ADC_Buff.BATTV[8][57], 0x0256,
ADC_Buff.BATTV[8][58], 0x01CB,
ADC_Buff.BATTV[8][59], 0x01BB,
ADC_Buff.BATTV[8][60], 0x012A,
ADC_Buff.BATTV[8][61], 0x0131,
ADC_Buff.BATTV[8][62], 0x0140,
ADC_Buff.BATTV[8][63], 0x0100,
ADC_Buff.BATTV[9][0], 0x00DC,
ADC_Buff.BATTV[9][1], 0x014E,
ADC_Buff.BATTV[9][2], 0x00F5,
ADC_Buff.BATTV[9][3], 0x0173,
ADC_Buff.BATTV[9][4], 0x0163,
ADC_Buff.BATTV[9][5], 0x017A,
ADC_Buff.BATTV[9][6], 0x02D7,
ADC_Buff.BATTV[9][7], 0x038A,
ADC_Buff.BATTV[9][8], 0x0465,
ADC_Buff.BATTV[9][9], 0x03E8,
ADC_Buff.BATTV[9][10], 0x0331,
ADC_Buff.BATTV[9][11], 0x032B,
ADC_Buff.BATTV[9][12], 0x0287,
ADC_Buff.BATTV[9][13], 0x01EC,
ADC_Buff.BATTV[9][14], 0x01ED,
ADC_Buff.BATTV[9][15], 0x01F3,
ADC_Buff.BATTV[9][16], 0x0242,
ADC_Buff.BATTV[9][17], 0x02C0,
ADC_Buff.BATTV[9][18], 0x0279,
ADC_Buff.BATTV[9][19], 0x0362,
ADC_Buff.BATTV[9][20], 0x0378,
ADC_Buff.BATTV[9][21], 0x03C7,
ADC_Buff.BATTV[9][22], 0x049B,
ADC_Buff.BATTV[9][23], 0x0524,
ADC_Buff.BATTV[9][24], 0x0635,
ADC_Buff.BATTV[9][25], 0x05CB,
ADC_Buff.BATTV[9][26], 0x053C,
ADC_Buff.BATTV[9][27], 0x04DE,
ADC_Buff.BATTV[9][28], 0x0488,
ADC_Buff.BATTV[9][29], 0x048B,
ADC_Buff.BATTV[9][30], 0x04D7,
ADC_Buff.BATTV[9][31], 0x0487,
ADC_Buff.BATTV[9][32], 0x04CE,
ADC_Buff.BATTV[9][33], 0x0527,
ADC_Buff.BATTV[9][34], 0x0541,
ADC_Buff.BATTV[9][35], 0x0620,
ADC_Buff.BATTV[9][36], 0x05CC,
ADC_Buff.BATTV[9][37], 0x05C6,
ADC_Buff.BATTV[9][38], 0x05DA,
ADC_Buff.BATTV[9][39], 0x0563,
ADC_Buff.BATTV[9][40], 0x052E,
ADC_Buff.BATTV[9][41], 0x046E,
ADC_Buff.BATTV[9][42], 0x0442,
ADC_Buff.BATTV[9][43], 0x0438,
ADC_Buff.BATTV[9][44], 0x03FE,
ADC_Buff.BATTV[9][45], 0x03A3,
ADC_Buff.BATTV[9][46], 0x0404,
ADC_Buff.BATTV[9][47], 0x0413,
ADC_Buff.BATTV[9][48], 0x0526,
ADC_Buff.BATTV[9][49], 0x0590,
ADC_Buff.BATTV[9][50], 0x05E5,
ADC_Buff.BATTV[9][51], 0x0736,
ADC_Buff.BATTV[9][52], 0x086F,
ADC_Buff.BATTV[9][53], 0x0955,
ADC_Buff.BATTV[9][54], 0x08E7,
ADC_Buff.BATTV[9][55], 0x0876,
ADC_Buff.BATTV[9][56], 0x0844,
ADC_Buff.BATTV[9][57], 0x0772,
ADC_Buff.BATTV[9][58], 0x06AB,
ADC_Buff.BATTV[9][59], 0x0679,
ADC_Buff.BATTV[9][60], 0x0664,
ADC_Buff.BATTV[9][61], 0x0649,
ADC_Buff.BATTV[9][62], 0x0640,
ADC_Buff.BATTV[9][63], 0x0591,
ADC_Buff.BATTV[10][0], 0x061F,
ADC_Buff.BATTV[10][1], 0x05FE,
ADC_Buff.BATTV[10][2], 0x057F,
ADC_Buff.BATTV[10][3], 0x0516,
ADC_Buff.BATTV[10][4], 0x0443,
ADC_Buff.BATTV[10][5], 0x0450,
ADC_Buff.BATTV[10][6], 0x03A2,
ADC_Buff.BATTV[10][7], 0x0332,
ADC_Buff.BATTV[10][8], 0x02CE,
ADC_Buff.BATTV[10][9], 0x029B,
ADC_Buff.BATTV[10][10], 0x0266,
ADC_Buff.BATTV[10][11], 0x027C,
ADC_Buff.BATTV[10][12], 0x021E,
ADC_Buff.BATTV[10][13], 0x0250,
ADC_Buff.BATTV[10][14], 0x0298,
ADC_Buff.BATTV[10][15], 0x02A0,
ADC_Buff.BATTV[10][16], 0x039E,
ADC_Buff.BATTV[10][17], 0x0405,
ADC_Buff.BATTV[10][18], 0x04C7,
ADC_Buff.BATTV[10][19], 0x0575,
ADC_Buff.BATTV[10][20], 0x05D9,
ADC_Buff.BATTV[10][21], 0x05E1,
ADC_Buff.BATTV[10][22], 0x0524,
ADC_Buff.BATTV[10][23], 0x04E9,
ADC_Buff.BATTV[10][24], 0x04A8,
ADC_Buff.BATTV[10][25], 0x047A,
ADC_Buff.BATTV[10][26], 0x048C,
ADC_Buff.BATTV[10][27], 0x051A,
ADC_Buff.BATTV[10][28], 0x055E,
ADC_Buff.BATTV[10][29], 0x061A,
ADC_Buff.BATTV[10][30], 0x05E5,
ADC_Buff.BATTV[10][31], 0x05AC,
ADC_Buff.BATTV[10][32], 0x062B,
ADC_Buff.BATTV[10][33], 0x0592,
ADC_Buff.BATTV[10][34], 0x0505,
ADC_Buff.BATTV[10][35], 0x0384,
ADC_Buff.BATTV[10][36], 0x02AA,
ADC_Buff.BATTV[10][37], 0x024B,
ADC_Buff.BATTV[10][38], 0x01AF,
ADC_Buff.BATTV[10][39], 0x016C,
ADC_Buff.BATTV[10][40], 0x0187,
ADC_Buff.BATTV[10][41], 0x01C3,
ADC_Buff.BATTV[10][42], 0x01F0,
ADC_Buff.BATTV[10][43], 0x01F4,
ADC_Buff.BATTV[10][44], 0x0169,
ADC_Buff.BATTV[10][45], 0x01F0,
ADC_Buff.BATTV[10][46], 0x0199,
ADC_Buff.BATTV[10][47], 0x0198,
ADC_Buff.BATTV[10][48], 0x01DC,
ADC_Buff.BATTV[10][49], 0x021D,
ADC_Buff.BATTV[10][50], 0x02FB,
ADC_Buff.BATTV[10][51], 0x02D9,
ADC_Buff.BATTV[10][52], 0x02FA,
ADC_Buff.BATTV[10][53], 0x02AE,
ADC_Buff.BATTV[10][54], 0x0290,
ADC_Buff.BATTV[10][55], 0x0347,
ADC_Buff.BATTV[10][56], 0x03F7,
ADC_Buff.BATTV[10][57], 0x03CA,
ADC_Buff.BATTV[10][58], 0x039F,
ADC_Buff.BATTV[10][59], 0x0374,
ADC_Buff.BATTV[10][60], 0x0315,
ADC_Buff.BATTV[10][61], 0x038B,
ADC_Buff.BATTV[10][62], 0x03A8,
ADC_Buff.BATTV[10][63], 0x0464,
ADC_Buff.BATTV[11][0], 0x04F0,
ADC_Buff.BATTV[11][1], 0x053A,
ADC_Buff.BATTV[11][2], 0x0537,
ADC_Buff.BATTV[11][3], 0x0476,
ADC_Buff.BATTV[11][4], 0x04B8,
ADC_Buff.BATTV[11][5], 0x04F6,
ADC_Buff.BATTV[11][6], 0x04F7,
ADC_Buff.BATTV[11][7], 0x046A,
ADC_Buff.BATTV[11][8], 0x043D,
ADC_Buff.BATTV[11][9], 0x0404,
ADC_Buff.BATTV[11][10], 0x0489,
ADC_Buff.BATTV[11][11], 0x046A,
ADC_Buff.BATTV[11][12], 0x0486,
ADC_Buff.BATTV[11][13], 0x0543,
ADC_Buff.BATTV[11][14], 0x05D7,
ADC_Buff.BATTV[11][15], 0x06AC,
ADC_Buff.BATTV[11][16], 0x066E,
ADC_Buff.BATTV[11][17], 0x06C2,
ADC_Buff.BATTV[11][18], 0x06F3,
ADC_Buff.BATTV[11][19], 0x067F,
ADC_Buff.BATTV[11][20], 0x0697,
ADC_Buff.BATTV[11][21], 0x06C4,
ADC_Buff.BATTV[11][22], 0x06E4,
ADC_Buff.BATTV[11][23], 0x0684,
ADC_Buff.BATTV[11][24], 0x060E,
ADC_Buff.BATTV[11][25], 0x0570,
ADC_Buff.BATTV[11][26], 0x05F9,
ADC_Buff.BATTV[11][27], 0x0642,
ADC_Buff.BATTV[11][28], 0x06DA,
ADC_Buff.BATTV[11][29], 0x0719,
ADC_Buff.BATTV[11][30], 0x073C,
ADC_Buff.BATTV[11][31], 0x07D2,
ADC_Buff.BATTV[11][32], 0x0738,
ADC_Buff.BATTV[11][33], 0x073B,
ADC_Buff.BATTV[11][34], 0x071F,
ADC_Buff.BATTV[11][35], 0x0719,
ADC_Buff.BATTV[11][36], 0x076F,
ADC_Buff.BATTV[11][37], 0x07A0,
ADC_Buff.BATTV[11][38], 0x0742,
ADC_Buff.BATTV[11][39], 0x0727,
ADC_Buff.BATTV[11][40], 0x06C5,
ADC_Buff.BATTV[11][41], 0x064A,
ADC_Buff.BATTV[11][42], 0x06AD,
ADC_Buff.BATTV[11][43], 0x06BC,
ADC_Buff.BATTV[11][44], 0x079A,
ADC_Buff.BATTV[11][45], 0x086D,
ADC_Buff.BATTV[11][46], 0x0951,
ADC_Buff.BATTV[11][47], 0x0998,
ADC_Buff.BATTV[11][48], 0x08D5,
ADC_Buff.BATTV[11][49], 0x08EB,
ADC_Buff.BATTV[11][50], 0x0881,
ADC_Buff.BATTV[11][51], 0x07EA,
ADC_Buff.BATTV[11][52], 0x0765,
ADC_Buff.BATTV[11][53], 0x0734,
ADC_Buff.BATTV[11][54], 0x06F0,
ADC_Buff.BATTV[11][55], 0x0706,
ADC_Buff.BATTV[11][56], 0x0677,
ADC_Buff.BATTV[11][57], 0x06AE,
ADC_Buff.BATTV[11][58], 0x0765,
ADC_Buff.BATTV[11][59], 0x0791,
ADC_Buff.BATTV[11][60], 0x07E1,
ADC_Buff.BATTV[11][61], 0x0695,
ADC_Buff.BATTV[11][62], 0x0640,
ADC_Buff.BATTV[11][63], 0x063F,
ADC_Buff.BATTV[12][0], 0x05A4,
ADC_Buff.BATTV[12][1], 0x0570,
ADC_Buff.BATTV[12][2], 0x0515,
ADC_Buff.BATTV[12][3], 0x051B,
ADC_Buff.BATTV[12][4], 0x052C,
ADC_Buff.BATTV[12][5], 0x04E5,
ADC_Buff.BATTV[12][6], 0x0487,
ADC_Buff.BATTV[12][7], 0x0515,
ADC_Buff.BATTV[12][8], 0x0464,
ADC_Buff.BATTV[12][9], 0x0470,
ADC_Buff.BATTV[12][10], 0x04A2,
ADC_Buff.BATTV[12][11], 0x051A,
ADC_Buff.BATTV[12][12], 0x0617,
ADC_Buff.BATTV[12][13], 0x0600,
ADC_Buff.BATTV[12][14], 0x065A,
ADC_Buff.BATTV[12][15], 0x05FB,
ADC_Buff.BATTV[12][16], 0x058C,
ADC_Buff.BATTV[12][17], 0x057C,
ADC_Buff.BATTV[12][18], 0x04ED,
ADC_Buff.BATTV[12][19], 0x0458,
ADC_Buff.BATTV[12][20], 0x0448,
ADC_Buff.BATTV[12][21], 0x034E,
ADC_Buff.BATTV[12][22], 0x02CF,
ADC_Buff.BATTV[12][23], 0x02F7,
ADC_Buff.BATTV[12][24], 0x02FA,
ADC_Buff.BATTV[12][25], 0x03ED,
ADC_Buff.BATTV[12][26], 0x03F3,
ADC_Buff.BATTV[12][27], 0x03CF,
ADC_Buff.BATTV[12][28], 0x03B0,
ADC_Buff.BATTV[12][29], 0x02C8,
ADC_Buff.BATTV[12][30], 0x02E8,
ADC_Buff.BATTV[12][31], 0x02A9,
ADC_Buff.BATTV[12][32], 0x0258,
ADC_Buff.BATTV[12][33], 0x0224,
ADC_Buff.BATTV[12][34], 0x0201,
ADC_Buff.BATTV[12][35], 0x01E4,
ADC_Buff.BATTV[12][36], 0x026C,
ADC_Buff.BATTV[12][37], 0x020E,
ADC_Buff.BATTV[12][38], 0x025C,
ADC_Buff.BATTV[12][39], 0x02DC,
ADC_Buff.BATTV[12][40], 0x027E,
ADC_Buff.BATTV[12][41], 0x02E2,
ADC_Buff.BATTV[12][42], 0x027F,
ADC_Buff.BATTV[12][43], 0x02C7,
ADC_Buff.BATTV[12][44], 0x02E8,
ADC_Buff.BATTV[12][45], 0x0266,
ADC_Buff.BATTV[12][46], 0x0236,
ADC_Buff.BATTV[12][47], 0x01DA,
ADC_Buff.BATTV[12][48], 0x01D0,
ADC_Buff.BATTV[12][49], 0x0210,
ADC_Buff.BATTV[12][50], 0x0207,
ADC_Buff.BATTV[12][51], 0x01BA,
ADC_Buff.BATTV[12][52], 0x0279,
ADC_Buff.BATTV[12][53], 0x02A0,
ADC_Buff.BATTV[12][54], 0x0367,
ADC_Buff.BATTV[12][55], 0x0474,
ADC_Buff.BATTV[12][56], 0x05C4,
ADC_Buff.BATTV[12][57], 0x0710,
ADC_Buff.BATTV[12][58], 0x066C,
ADC_Buff.BATTV[12][59], 0x062C,
ADC_Buff.BATTV[12][60], 0x0587,
ADC_Buff.BATTV[12][61], 0x054F,
ADC_Buff.BATTV[12][62], 0x0577,
ADC_Buff.BATTV[12][63], 0x0515,
ADC_Buff.BATTV[13][0], 0x043F,
ADC_Buff.BATTV[13][1], 0x045C,
ADC_Buff.BATTV[13][2], 0x0480,
ADC_Buff.BATTV[13][3], 0x04A3,
ADC_Buff.BATTV[13][4], 0x0548,
ADC_Buff.BATTV[13][5], 0x051C,
ADC_Buff.BATTV[13][6], 0x05E2,
ADC_Buff.BATTV[13][7], 0x0647,
ADC_Buff.BATTV[13][8], 0x0686,
ADC_Buff.BATTV[13][9], 0x0698,
ADC_Buff.BATTV[13][10], 0x05BB,
ADC_Buff.BATTV[13][11], 0x05E8,
ADC_Buff.BATTV[13][12], 0x0599,
ADC_Buff.BATTV[13][13], 0x0530,
ADC_Buff.BATTV[13][14], 0x0500,
ADC_Buff.BATTV[13][15], 0x0500,
ADC_Buff.BATTV[13][16], 0x04EF,
ADC_Buff.BATTV[13][17], 0x057D,
ADC_Buff.BATTV[13][18], 0x0554,
ADC_Buff.BATTV[13][19], 0x05C7,
ADC_Buff.BATTV[13][20], 0x06AD,
ADC_Buff.BATTV[13][21], 0x0722,
ADC_Buff.BATTV[13][22], 0x082F,
ADC_Buff.BATTV[13][23], 0x07F8,
ADC_Buff.BATTV[13][24], 0x0862,
ADC_Buff.BATTV[13][25], 0x0893,
ADC_Buff.BATTV[13][26], 0x0804,
ADC_Buff.BATTV[13][27], 0x07DD,
ADC_Buff.BATTV[13][28], 0x07AF,
ADC_Buff.BATTV[13][29], 0x07D3,
ADC_Buff.BATTV[13][30], 0x081E,
ADC_Buff.BATTV[13][31], 0x07E3,
ADC_Buff.BATTV[13][32], 0x075A,
ADC_Buff.BATTV[13][33], 0x07E9,
ADC_Buff.BATTV[13][34], 0x0775,
ADC_Buff.BATTV[13][35], 0x07A7,
ADC_Buff.BATTV[13][36], 0x07CF,
ADC_Buff.BATTV[13][37], 0x07A1,
ADC_Buff.BATTV[13][38], 0x0828,
ADC_Buff.BATTV[13][39], 0x0782,
ADC_Buff.BATTV[13][40], 0x0778,
ADC_Buff.BATTV[13][41], 0x06F1,
ADC_Buff.BATTV[13][42], 0x06A9,
ADC_Buff.BATTV[13][43], 0x06D2,
ADC_Buff.BATTV[13][44], 0x06B3,
ADC_Buff.BATTV[13][45], 0x0657,
ADC_Buff.BATTV[13][46], 0x06B0,
ADC_Buff.BATTV[13][47], 0x06C2,
ADC_Buff.BATTV[13][48], 0x06FD,
ADC_Buff.BATTV[13][49], 0x077A,
ADC_Buff.BATTV[13][50], 0x0743,
ADC_Buff.BATTV[13][51], 0x0819,
ADC_Buff.BATTV[13][52], 0x0890,
ADC_Buff.BATTV[13][53], 0x08EE,
ADC_Buff.BATTV[13][54], 0x08CC,
ADC_Buff.BATTV[13][55], 0x07C1,
ADC_Buff.BATTV[13][56], 0x07B7,
ADC_Buff.BATTV[13][57], 0x071C,
ADC_Buff.BATTV[13][58], 0x0690,
ADC_Buff.BATTV[13][59], 0x0640,
ADC_Buff.BATTV[13][60], 0x061C,
ADC_Buff.BATTV[13][61], 0x0582,
ADC_Buff.BATTV[13][62], 0x05B3,
ADC_Buff.BATTV[13][63], 0x04FA,
ADC_Buff.BATTV[14][0], 0x04EE,
ADC_Buff.BATTV[14][1], 0x059F,
ADC_Buff.BATTV[14][2], 0x05BE,
ADC_Buff.BATTV[14][3], 0x062A,
ADC_Buff.BATTV[14][4], 0x0567,
ADC_Buff.BATTV[14][5], 0x0563,
ADC_Buff.BATTV[14][6], 0x0538,
ADC_Buff.BATTV[14][7], 0x0497,
ADC_Buff.BATTV[14][8], 0x044F,
ADC_Buff.BATTV[14][9], 0x03E8,
ADC_Buff.BATTV[14][10], 0x03FE,
ADC_Buff.BATTV[14][11], 0x0463,
ADC_Buff.BATTV[14][12], 0x0442,
ADC_Buff.BATTV[14][13], 0x03F0,
ADC_Buff.BATTV[14][14], 0x0472,
ADC_Buff.BATTV[14][15], 0x03BA,
ADC_Buff.BATTV[14][16], 0x03FC,
ADC_Buff.BATTV[14][17], 0x0484,
ADC_Buff.BATTV[14][18], 0x0555,
ADC_Buff.BATTV[14][19], 0x068F,
ADC_Buff.BATTV[14][20], 0x0681,
ADC_Buff.BATTV[14][21], 0x06DA,
ADC_Buff.BATTV[14][22], 0x0660,
ADC_Buff.BATTV[14][23], 0x061E,
ADC_Buff.BATTV[14][24], 0x0654,
ADC_Buff.BATTV[14][25], 0x061C,
ADC_Buff.BATTV[14][26], 0x0593,
ADC_Buff.BATTV[14][27], 0x059B,
ADC_Buff.BATTV[14][28], 0x0578,
ADC_Buff.BATTV[14][29], 0x0561,
ADC_Buff.BATTV[14][30], 0x059B,
ADC_Buff.BATTV[14][31], 0x04E6,
ADC_Buff.BATTV[14][32], 0x05B2,
ADC_Buff.BATTV[14][33], 0x064B,
ADC_Buff.BATTV[14][34], 0x06BF,
ADC_Buff.BATTV[14][35], 0x06A4,
ADC_Buff.BATTV[14][36], 0x05A1,
ADC_Buff.BATTV[14][37], 0x05A5,
ADC_Buff.BATTV[14][38], 0x0524,
ADC_Buff.BATTV[14][39], 0x04D3,
ADC_Buff.BATTV[14][40], 0x0490,
ADC_Buff.BATTV[14][41], 0x0472,
ADC_Buff.BATTV[14][42], 0x0466,
ADC_Buff.BATTV[14][43], 0x04E3,
ADC_Buff.BATTV[14][44], 0x0496,
ADC_Buff.BATTV[14][45], 0x0509,
ADC_Buff.BATTV[14][46], 0x0595,
ADC_Buff.BATTV[14][47], 0x059D,
ADC_Buff.BATTV[14][48], 0x068E,
ADC_Buff.BATTV[14][49], 0x06D4,
ADC_Buff.BATTV[14][50], 0x07DE,
ADC_Buff.BATTV[14][51], 0x0830,
ADC_Buff.BATTV[14][52], 0x07AD,
ADC_Buff.BATTV[14][53], 0x0787,
ADC_Buff.BATTV[14][54], 0x073A,
ADC_Buff.BATTV[14][55], 0x073E,
ADC_Buff.BATTV[14][56], 0x06FD,
ADC_Buff.BATTV[14][57], 0x0672,
ADC_Buff.BATTV[14][58], 0x0614,
ADC_Buff.BATTV[14][59], 0x06BB,
ADC_Buff.BATTV[14][60], 0x06C8,
ADC_Buff.BATTV[14][61], 0x076F,
ADC_Buff.BATTV[14][62], 0x0791,
ADC_Buff.BATTV[14][63], 0x07BE,
ADC_Buff.BATTV[15][0], 0x0889,
ADC_Buff.BATTV[15][1], 0x083D,
ADC_Buff.BATTV[15][2], 0x0873,
ADC_Buff.BATTV[15][3], 0x07D8,
ADC_Buff.BATTV[15][4], 0x078A,
ADC_Buff.BATTV[15][5], 0x079B,
ADC_Buff.BATTV[15][6], 0x0753,
ADC_Buff.BATTV[15][7], 0x06F8,
ADC_Buff.BATTV[15][8], 0x0734,
ADC_Buff.BATTV[15][9], 0x0724,
ADC_Buff.BATTV[15][10], 0x0729,
ADC_Buff.BATTV[15][11], 0x077F,
ADC_Buff.BATTV[15][12], 0x0721,
ADC_Buff.BATTV[15][13], 0x0806,
ADC_Buff.BATTV[15][14], 0x0965,
ADC_Buff.BATTV[15][15], 0x0AE0,
ADC_Buff.BATTV[15][16], 0x0B6C,
ADC_Buff.BATTV[15][17], 0x0AFB,
ADC_Buff.BATTV[15][18], 0x0B24,
ADC_Buff.BATTV[15][19], 0x0A43,
ADC_Buff.BATTV[15][20], 0x0996,
ADC_Buff.BATTV[15][21], 0x0926,
ADC_Buff.BATTV[15][22], 0x08E7,
ADC_Buff.BATTV[15][23], 0x08C2,
ADC_Buff.BATTV[15][24], 0x0919,
ADC_Buff.BATTV[15][25], 0x0879,
ADC_Buff.BATTV[15][26], 0x08AC,
ADC_Buff.BATTV[15][27], 0x094D,
ADC_Buff.BATTV[15][28], 0x097D,
ADC_Buff.BATTV[15][29], 0x0A16,
ADC_Buff.BATTV[15][30], 0x0979,
ADC_Buff.BATTV[15][31], 0x09BE,
ADC_Buff.BATTV[15][32], 0x0985,
ADC_Buff.BATTV[15][33], 0x08C1,
ADC_Buff.BATTV[15][34], 0x086A,
ADC_Buff.BATTV[15][35], 0x07E1,
ADC_Buff.BATTV[15][36], 0x07F3,
ADC_Buff.BATTV[15][37], 0x0824,
ADC_Buff.BATTV[15][38], 0x07CE,
ADC_Buff.BATTV[15][39], 0x077B,
ADC_Buff.BATTV[15][40], 0x080C,
ADC_Buff.BATTV[15][41], 0x0798,
ADC_Buff.BATTV[15][42], 0x0812,
ADC_Buff.BATTV[15][43], 0x0856,
ADC_Buff.BATTV[15][44], 0x08DA,
ADC_Buff.BATTV[15][45], 0x09E1,
ADC_Buff.BATTV[15][46], 0x0A2B,
ADC_Buff.BATTV[15][47], 0x0A90,
ADC_Buff.BATTV[15][48], 0x09B4,
ADC_Buff.BATTV[15][49], 0x091F,
ADC_Buff.BATTV[15][50], 0x08D3,
ADC_Buff.BATTV[15][51], 0x084B,
ADC_Buff.BATTV[15][52], 0x07CD,
ADC_Buff.BATTV[15][53], 0x07E0,
ADC_Buff.BATTV[15][54], 0x07AE,
ADC_Buff.BATTV[15][55], 0x07A9,
ADC_Buff.BATTV[15][56], 0x07C1,
ADC_Buff.BATTV[15][57], 0x0762,
ADC_Buff.BATTV[15][58], 0x0851,
ADC_Buff.BATTV[15][59], 0x07E9,
ADC_Buff.BATTV[15][60], 0x0796,
ADC_Buff.BATTV[15][61], 0x06F3,
ADC_Buff.BATTV[15][62], 0x05C4,
ADC_Buff.BATTV[15][63], 0x05DA,
