ADC_Buff.INJ[0][0], 0x07E4,
ADC_Buff.INJ[0][1], 0x07E3,
ADC_Buff.INJ[0][2], 0x07E5,
ADC_Buff.INJ[0][3], 0x07E8,
ADC_Buff.INJ[0][4], 0x07EA,
ADC_Buff.INJ[0][5], 0x07E5,
ADC_Buff.INJ[0][6], 0x07ED,
ADC_Buff.INJ[0][7], 0x07F4,
ADC_Buff.INJ[0][8], 0x07FD,
ADC_Buff.INJ[0][9], 0x080C,
ADC_Buff.INJ[0][10], 0x0818,
ADC_Buff.INJ[0][11], 0x0824,
ADC_Buff.INJ[0][12], 0x0832,
ADC_Buff.INJ[0][13], 0x0841,
ADC_Buff.INJ[0][14], 0x084A,
ADC_Buff.INJ[0][15], 0x0857,
ADC_Buff.INJ[0][16], 0x0862,
ADC_Buff.INJ[0][17], 0x086C,
ADC_Buff.INJ[0][18], 0x0875,
ADC_Buff.INJ[0][19], 0x0876,
ADC_Buff.INJ[0][20], 0x0872,
ADC_Buff.INJ[0][21], 0x0877,
ADC_Buff.INJ[0][22], 0x087A,
ADC_Buff.INJ[0][23], 0x0877,
ADC_Buff.INJ[0][24], 0x0878,
ADC_Buff.INJ[0][25], 0x0878,
ADC_Buff.INJ[0][26], 0x0875,
ADC_Buff.INJ[0][27], 0x086F,
ADC_Buff.INJ[0][28], 0x086B,
ADC_Buff.INJ[0][29], 0x0863,
ADC_Buff.INJ[0][30], 0x085C,
ADC_Buff.INJ[0][31], 0x0855,
ADC_Buff.INJ[0][32], 0x0849,
ADC_Buff.INJ[0][33], 0x083F,
ADC_Buff.INJ[0][34], 0x0834,
ADC_Buff.INJ[0][35], 0x0828,
ADC_Buff.INJ[0][36], 0x0819,
ADC_Buff.INJ[0][37], 0x0801,
ADC_Buff.INJ[0][38], 0x07EE,
ADC_Buff.INJ[0][39], 0x07E0,
ADC_Buff.INJ[0][40], 0x07D0,
ADC_Buff.INJ[0][41], 0x07C0,
ADC_Buff.INJ[0][42], 0x07B4,
ADC_Buff.INJ[0][43], 0x07A6,
ADC_Buff.INJ[0][44], 0x0797,
ADC_Buff.INJ[0][45], 0x078B,
ADC_Buff.INJ[0][46], 0x0780,
ADC_Buff.INJ[0][47], 0x0774,
ADC_Buff.INJ[0][48], 0x076A,
ADC_Buff.INJ[0][49], 0x0764,
ADC_Buff.INJ[0][50], 0x075B,
ADC_Buff.INJ[0][51], 0x0757,
ADC_Buff.INJ[0][52], 0x0751,
ADC_Buff.INJ[0][53], 0x074A,
ADC_Buff.INJ[0][54], 0x073E,
ADC_Buff.INJ[0][55], 0x073C,
ADC_Buff.INJ[0][56], 0x073B,
ADC_Buff.INJ[0][57], 0x073C,
ADC_Buff.INJ[0][58], 0x0744,
ADC_Buff.INJ[0][59], 0x0748,
ADC_Buff.INJ[0][60], 0x074F,
ADC_Buff.INJ[0][61], 0x0756,
ADC_Buff.INJ[0][62], 0x0760,
ADC_Buff.INJ[0][63], 0x076B,
ADC_Buff.INJ[1][0], 0x0778,
ADC_Buff.INJ[1][1], 0x0783,
ADC_Buff.INJ[1][2], 0x0791,
ADC_Buff.INJ[1][3], 0x07A3,
ADC_Buff.INJ[1][4], 0x07B0,
ADC_Buff.INJ[1][5], 0x07C0,
ADC_Buff.INJ[1][6], 0x07CD,
ADC_Buff.INJ[1][7], 0x07D3,
ADC_Buff.INJ[1][8], 0x07E1,
ADC_Buff.INJ[1][9], 0x07F1,
ADC_Buff.INJ[1][10], 0x07FE,
ADC_Buff.INJ[1][11], 0x080E,
ADC_Buff.INJ[1][12], 0x0822,
ADC_Buff.INJ[1][13], 0x082E,
ADC_Buff.INJ[1][14], 0x083C,
ADC_Buff.INJ[1][15], 0x0849,
ADC_Buff.INJ[1][16], 0x0854,
ADC_Buff.INJ[1][17], 0x0860,
ADC_Buff.INJ[1][18], 0x0869,
ADC_Buff.INJ[1][19], 0x0871,
ADC_Buff.INJ[1][20], 0x0878,
ADC_Buff.INJ[1][21], 0x0880,
ADC_Buff.INJ[1][22], 0x0883,
ADC_Buff.INJ[1][23], 0x0885,
ADC_Buff.INJ[1][24], 0x087C,
ADC_Buff.INJ[1][25], 0x0873,
ADC_Buff.INJ[1][26], 0x0872,
ADC_Buff.INJ[1][27], 0x086C,
ADC_Buff.INJ[1][28], 0x0863,
ADC_Buff.INJ[1][29], 0x085E,
ADC_Buff.INJ[1][30], 0x0857,
ADC_Buff.INJ[1][31], 0x084D,
ADC_Buff.INJ[1][32], 0x0842,
ADC_Buff.INJ[1][33], 0x0837,
ADC_Buff.INJ[1][34], 0x082C,
ADC_Buff.INJ[1][35], 0x0820,
ADC_Buff.INJ[1][36], 0x0812,
ADC_Buff.INJ[1][37], 0x0804,
ADC_Buff.INJ[1][38], 0x07F6,
ADC_Buff.INJ[1][39], 0x07E9,
ADC_Buff.INJ[1][40], 0x07D9,
ADC_Buff.INJ[1][41], 0x07C7,
ADC_Buff.INJ[1][42], 0x07AE,
ADC_Buff.INJ[1][43], 0x07A0,
ADC_Buff.INJ[1][44], 0x0793,
ADC_Buff.INJ[1][45], 0x0783,
ADC_Buff.INJ[1][46], 0x0779,
ADC_Buff.INJ[1][47], 0x076E,
ADC_Buff.INJ[1][48], 0x0763,
ADC_Buff.INJ[1][49], 0x075A,
ADC_Buff.INJ[1][50], 0x0753,
ADC_Buff.INJ[1][51], 0x074D,
ADC_Buff.INJ[1][52], 0x0748,
ADC_Buff.INJ[1][53], 0x0745,
ADC_Buff.INJ[1][54], 0x0744,
ADC_Buff.INJ[1][55], 0x0745,
ADC_Buff.INJ[1][56], 0x0747,
ADC_Buff.INJ[1][57], 0x074B,
ADC_Buff.INJ[1][58], 0x074C,
ADC_Buff.INJ[1][59], 0x0746,
ADC_Buff.INJ[1][60], 0x074B,
ADC_Buff.INJ[1][61], 0x0753,
ADC_Buff.INJ[1][62], 0x075A,
ADC_Buff.INJ[1][63], 0x0765,
ADC_Buff.INJ[2][0], 0x0772,
ADC_Buff.INJ[2][1], 0x077D,
ADC_Buff.INJ[2][2], 0x0788,
ADC_Buff.INJ[2][3], 0x0798,
ADC_Buff.INJ[2][4], 0x07A7,
ADC_Buff.INJ[2][5], 0x07B7,
ADC_Buff.INJ[2][6], 0x07C7,
ADC_Buff.INJ[2][7], 0x07D8,
ADC_Buff.INJ[2][8], 0x07E8,
ADC_Buff.INJ[2][9], 0x07FB,
ADC_Buff.INJ[2][10], 0x080D,
ADC_Buff.INJ[2][11], 0x081C,
ADC_Buff.INJ[2][12], 0x082B,
ADC_Buff.INJ[2][13], 0x0834,
ADC_Buff.INJ[2][14], 0x0837,
ADC_Buff.INJ[2][15], 0x0844,
ADC_Buff.INJ[2][16], 0x084F,
ADC_Buff.INJ[2][17], 0x0856,
ADC_Buff.INJ[2][18], 0x0862,
ADC_Buff.INJ[2][19], 0x086A,
ADC_Buff.INJ[2][20], 0x0870,
ADC_Buff.INJ[2][21], 0x0875,
ADC_Buff.INJ[2][22], 0x0878,
ADC_Buff.INJ[2][23], 0x087A,
ADC_Buff.INJ[2][24], 0x087B,
ADC_Buff.INJ[2][25], 0x087A,
ADC_Buff.INJ[2][26], 0x0878,
ADC_Buff.INJ[2][27], 0x0875,
ADC_Buff.INJ[2][28], 0x086F,
ADC_Buff.INJ[2][29], 0x0869,
ADC_Buff.INJ[2][30], 0x0861,
ADC_Buff.INJ[2][31], 0x0856,
ADC_Buff.INJ[2][32], 0x0845,
ADC_Buff.INJ[2][33], 0x0833,
ADC_Buff.INJ[2][34], 0x0828,
ADC_Buff.INJ[2][35], 0x0819,
ADC_Buff.INJ[2][36], 0x0809,
ADC_Buff.INJ[2][37], 0x07F9,
ADC_Buff.INJ[2][38], 0x07EC,
ADC_Buff.INJ[2][39], 0x07DD,
ADC_Buff.INJ[2][40], 0x07CF,
ADC_Buff.INJ[2][41], 0x07C0,
ADC_Buff.INJ[2][42], 0x07B2,
ADC_Buff.INJ[2][43], 0x07A5,
ADC_Buff.INJ[2][44], 0x0798,
ADC_Buff.INJ[2][45], 0x078C,
ADC_Buff.INJ[2][46], 0x0780,
ADC_Buff.INJ[2][47], 0x0775,
ADC_Buff.INJ[2][48], 0x076C,
ADC_Buff.INJ[2][49], 0x0765,
ADC_Buff.INJ[2][50], 0x075C,
ADC_Buff.INJ[2][51], 0x0755,
ADC_Buff.INJ[2][52], 0x0747,
ADC_Buff.INJ[2][53], 0x073E,
ADC_Buff.INJ[2][54], 0x073E,
ADC_Buff.INJ[2][55], 0x073B,
ADC_Buff.INJ[2][56], 0x073A,
ADC_Buff.INJ[2][57], 0x073F,
ADC_Buff.INJ[2][58], 0x0744,
ADC_Buff.INJ[2][59], 0x0748,
ADC_Buff.INJ[2][60], 0x074F,
ADC_Buff.INJ[2][61], 0x0757,
ADC_Buff.INJ[2][62], 0x0761,
ADC_Buff.INJ[2][63], 0x076D,
ADC_Buff.INJ[3][0], 0x0779,
ADC_Buff.INJ[3][1], 0x0786,
ADC_Buff.INJ[3][2], 0x0795,
ADC_Buff.INJ[3][3], 0x07A2,
ADC_Buff.INJ[3][4], 0x07A9,
ADC_Buff.INJ[3][5], 0x07B3,
ADC_Buff.INJ[3][6], 0x07C3,
ADC_Buff.INJ[3][7], 0x07D0,
ADC_Buff.INJ[3][8], 0x07E4,
ADC_Buff.INJ[3][9], 0x07F1,
ADC_Buff.INJ[3][10], 0x0802,
ADC_Buff.INJ[3][11], 0x0812,
ADC_Buff.INJ[3][12], 0x0821,
ADC_Buff.INJ[3][13], 0x0830,
ADC_Buff.INJ[3][14], 0x083E,
ADC_Buff.INJ[3][15], 0x084A,
ADC_Buff.INJ[3][16], 0x0857,
ADC_Buff.INJ[3][17], 0x0863,
ADC_Buff.INJ[3][18], 0x086C,
ADC_Buff.INJ[3][19], 0x0874,
ADC_Buff.INJ[3][20], 0x087B,
ADC_Buff.INJ[3][21], 0x087A,
ADC_Buff.INJ[3][22], 0x0874,
ADC_Buff.INJ[3][23], 0x0877,
ADC_Buff.INJ[3][24], 0x0876,
ADC_Buff.INJ[3][25], 0x0873,
ADC_Buff.INJ[3][26], 0x0873,
ADC_Buff.INJ[3][27], 0x0870,
ADC_Buff.INJ[3][28], 0x0869,
ADC_Buff.INJ[3][29], 0x0862,
ADC_Buff.INJ[3][30], 0x0859,
ADC_Buff.INJ[3][31], 0x0850,
ADC_Buff.INJ[3][32], 0x0846,
ADC_Buff.INJ[3][33], 0x083B,
ADC_Buff.INJ[3][34], 0x0830,
ADC_Buff.INJ[3][35], 0x0823,
ADC_Buff.INJ[3][36], 0x0815,
ADC_Buff.INJ[3][37], 0x0809,
ADC_Buff.INJ[3][38], 0x07FA,
ADC_Buff.INJ[3][39], 0x07E4,
ADC_Buff.INJ[3][40], 0x07CC,
ADC_Buff.INJ[3][41], 0x07BE,
ADC_Buff.INJ[3][42], 0x07AF,
ADC_Buff.INJ[3][43], 0x079E,
ADC_Buff.INJ[3][44], 0x0793,
ADC_Buff.INJ[3][45], 0x0786,
ADC_Buff.INJ[3][46], 0x077B,
ADC_Buff.INJ[3][47], 0x076F,
ADC_Buff.INJ[3][48], 0x0763,
ADC_Buff.INJ[3][49], 0x075A,
ADC_Buff.INJ[3][50], 0x0753,
ADC_Buff.INJ[3][51], 0x074D,
ADC_Buff.INJ[3][52], 0x0749,
ADC_Buff.INJ[3][53], 0x0746,
ADC_Buff.INJ[3][54], 0x0744,
ADC_Buff.INJ[3][55], 0x0745,
ADC_Buff.INJ[3][56], 0x0747,
ADC_Buff.INJ[3][57], 0x0749,
ADC_Buff.INJ[3][58], 0x074B,
ADC_Buff.INJ[3][59], 0x0749,
ADC_Buff.INJ[3][60], 0x074A,
ADC_Buff.INJ[3][61], 0x0752,
ADC_Buff.INJ[3][62], 0x075A,
ADC_Buff.INJ[3][63], 0x0762,
ADC_Buff.INJ[4][0], 0x076D,
ADC_Buff.INJ[4][1], 0x077C,
ADC_Buff.INJ[4][2], 0x0789,
ADC_Buff.INJ[4][3], 0x0798,
ADC_Buff.INJ[4][4], 0x07A8,
ADC_Buff.INJ[4][5], 0x07B8,
ADC_Buff.INJ[4][6], 0x07C8,
ADC_Buff.INJ[4][7], 0x07D9,
ADC_Buff.INJ[4][8], 0x07EA,
ADC_Buff.INJ[4][9], 0x07FB,
ADC_Buff.INJ[4][10], 0x080C,
ADC_Buff.INJ[4][11], 0x081D,
ADC_Buff.INJ[4][12], 0x082D,
ADC_Buff.INJ[4][13], 0x083A,
ADC_Buff.INJ[4][14], 0x083D,
ADC_Buff.INJ[4][15], 0x0845,
ADC_Buff.INJ[4][16], 0x0852,
ADC_Buff.INJ[4][17], 0x085B,
ADC_Buff.INJ[4][18], 0x0861,
ADC_Buff.INJ[4][19], 0x086B,
ADC_Buff.INJ[4][20], 0x0872,
ADC_Buff.INJ[4][21], 0x0876,
ADC_Buff.INJ[4][22], 0x0879,
ADC_Buff.INJ[4][23], 0x087C,
ADC_Buff.INJ[4][24], 0x087C,
ADC_Buff.INJ[4][25], 0x087B,
ADC_Buff.INJ[4][26], 0x0879,
ADC_Buff.INJ[4][27], 0x0876,
ADC_Buff.INJ[4][28], 0x0871,
ADC_Buff.INJ[4][29], 0x086A,
ADC_Buff.INJ[4][30], 0x0863,
ADC_Buff.INJ[4][31], 0x085A,
ADC_Buff.INJ[4][32], 0x084F,
ADC_Buff.INJ[4][33], 0x083F,
ADC_Buff.INJ[4][34], 0x082B,
ADC_Buff.INJ[4][35], 0x081B,
ADC_Buff.INJ[4][36], 0x080E,
ADC_Buff.INJ[4][37], 0x07FD,
ADC_Buff.INJ[4][38], 0x07EC,
ADC_Buff.INJ[4][39], 0x07DF,
ADC_Buff.INJ[4][40], 0x07D1,
ADC_Buff.INJ[4][41], 0x07C1,
ADC_Buff.INJ[4][42], 0x07B3,
ADC_Buff.INJ[4][43], 0x07A5,
ADC_Buff.INJ[4][44], 0x0797,
ADC_Buff.INJ[4][45], 0x078B,
ADC_Buff.INJ[4][46], 0x0780,
ADC_Buff.INJ[4][47], 0x0775,
ADC_Buff.INJ[4][48], 0x076B,
ADC_Buff.INJ[4][49], 0x0763,
ADC_Buff.INJ[4][50], 0x075D,
ADC_Buff.INJ[4][51], 0x0757,
ADC_Buff.INJ[4][52], 0x0752,
ADC_Buff.INJ[4][53], 0x0749,
ADC_Buff.INJ[4][54], 0x073D,
ADC_Buff.INJ[4][55], 0x073C,
ADC_Buff.INJ[4][56], 0x073C,
ADC_Buff.INJ[4][57], 0x073C,
ADC_Buff.INJ[4][58], 0x073E,
ADC_Buff.INJ[4][59], 0x0746,
ADC_Buff.INJ[4][60], 0x074D,
ADC_Buff.INJ[4][61], 0x0755,
ADC_Buff.INJ[4][62], 0x075E,
ADC_Buff.INJ[4][63], 0x0768,
ADC_Buff.INJ[5][0], 0x0773,
ADC_Buff.INJ[5][1], 0x0780,
ADC_Buff.INJ[5][2], 0x078E,
ADC_Buff.INJ[5][3], 0x079D,
ADC_Buff.INJ[5][4], 0x07AD,
ADC_Buff.INJ[5][5], 0x07BE,
ADC_Buff.INJ[5][6], 0x07D1,
ADC_Buff.INJ[5][7], 0x07E0,
ADC_Buff.INJ[5][8], 0x07F1,
ADC_Buff.INJ[5][9], 0x07FF,
ADC_Buff.INJ[5][10], 0x0807,
ADC_Buff.INJ[5][11], 0x0811,
ADC_Buff.INJ[5][12], 0x0820,
ADC_Buff.INJ[5][13], 0x082E,
ADC_Buff.INJ[5][14], 0x083A,
ADC_Buff.INJ[5][15], 0x0845,
ADC_Buff.INJ[5][16], 0x0852,
ADC_Buff.INJ[5][17], 0x085D,
ADC_Buff.INJ[5][18], 0x0866,
ADC_Buff.INJ[5][19], 0x086D,
ADC_Buff.INJ[5][20], 0x0873,
ADC_Buff.INJ[5][21], 0x0878,
ADC_Buff.INJ[5][22], 0x087D,
ADC_Buff.INJ[5][23], 0x087E,
ADC_Buff.INJ[5][24], 0x0880,
ADC_Buff.INJ[5][25], 0x0880,
ADC_Buff.INJ[5][26], 0x087D,
ADC_Buff.INJ[5][27], 0x0879,
ADC_Buff.INJ[5][28], 0x0874,
ADC_Buff.INJ[5][29], 0x086D,
ADC_Buff.INJ[5][30], 0x0860,
ADC_Buff.INJ[5][31], 0x084C,
ADC_Buff.INJ[5][32], 0x0841,
ADC_Buff.INJ[5][33], 0x0836,
ADC_Buff.INJ[5][34], 0x0827,
ADC_Buff.INJ[5][35], 0x0819,
ADC_Buff.INJ[5][36], 0x080D,
ADC_Buff.INJ[5][37], 0x0801,
ADC_Buff.INJ[5][38], 0x07F1,
ADC_Buff.INJ[5][39], 0x07E2,
ADC_Buff.INJ[5][40], 0x07D3,
ADC_Buff.INJ[5][41], 0x07C4,
ADC_Buff.INJ[5][42], 0x07B6,
ADC_Buff.INJ[5][43], 0x07A8,
ADC_Buff.INJ[5][44], 0x079B,
ADC_Buff.INJ[5][45], 0x078F,
ADC_Buff.INJ[5][46], 0x0784,
ADC_Buff.INJ[5][47], 0x077B,
ADC_Buff.INJ[5][48], 0x0770,
ADC_Buff.INJ[5][49], 0x0767,
ADC_Buff.INJ[5][50], 0x0759,
ADC_Buff.INJ[5][51], 0x0749,
ADC_Buff.INJ[5][52], 0x0744,
ADC_Buff.INJ[5][53], 0x0740,
ADC_Buff.INJ[5][54], 0x073B,
ADC_Buff.INJ[5][55], 0x073A,
ADC_Buff.INJ[5][56], 0x073D,
ADC_Buff.INJ[5][57], 0x0740,
ADC_Buff.INJ[5][58], 0x0743,
ADC_Buff.INJ[5][59], 0x0747,
ADC_Buff.INJ[5][60], 0x0750,
ADC_Buff.INJ[5][61], 0x0758,
ADC_Buff.INJ[5][62], 0x0761,
ADC_Buff.INJ[5][63], 0x076C,
ADC_Buff.INJ[6][0], 0x0778,
ADC_Buff.INJ[6][1], 0x0785,
ADC_Buff.INJ[6][2], 0x0793,
ADC_Buff.INJ[6][3], 0x07A2,
ADC_Buff.INJ[6][4], 0x07B1,
ADC_Buff.INJ[6][5], 0x07C0,
ADC_Buff.INJ[6][6], 0x07CA,
ADC_Buff.INJ[6][7], 0x07D0,
ADC_Buff.INJ[6][8], 0x07E0,
ADC_Buff.INJ[6][9], 0x07F0,
ADC_Buff.INJ[6][10], 0x07FE,
ADC_Buff.INJ[6][11], 0x080D,
ADC_Buff.INJ[6][12], 0x081E,
ADC_Buff.INJ[6][13], 0x082D,
ADC_Buff.INJ[6][14], 0x083C,
ADC_Buff.INJ[6][15], 0x0847,
ADC_Buff.INJ[6][16], 0x0853,
ADC_Buff.INJ[6][17], 0x085E,
ADC_Buff.INJ[6][18], 0x0868,
ADC_Buff.INJ[6][19], 0x0870,
ADC_Buff.INJ[6][20], 0x0877,
ADC_Buff.INJ[6][21], 0x087D,
ADC_Buff.INJ[6][22], 0x0880,
ADC_Buff.INJ[6][23], 0x0884,
ADC_Buff.INJ[6][24], 0x0886,
ADC_Buff.INJ[6][25], 0x0884,
ADC_Buff.INJ[6][26], 0x0880,
ADC_Buff.INJ[6][27], 0x0876,
ADC_Buff.INJ[6][28], 0x0867,
ADC_Buff.INJ[6][29], 0x0860,
ADC_Buff.INJ[6][30], 0x0858,
ADC_Buff.INJ[6][31], 0x084B,
ADC_Buff.INJ[6][32], 0x0842,
ADC_Buff.INJ[6][33], 0x0837,
ADC_Buff.INJ[6][34], 0x082B,
ADC_Buff.INJ[6][35], 0x081E,
ADC_Buff.INJ[6][36], 0x080F,
ADC_Buff.INJ[6][37], 0x0801,
ADC_Buff.INJ[6][38], 0x07F3,
ADC_Buff.INJ[6][39], 0x07E4,
ADC_Buff.INJ[6][40], 0x07D6,
ADC_Buff.INJ[6][41], 0x07C8,
ADC_Buff.INJ[6][42], 0x07B9,
ADC_Buff.INJ[6][43], 0x07AC,
ADC_Buff.INJ[6][44], 0x079F,
ADC_Buff.INJ[6][45], 0x0793,
ADC_Buff.INJ[6][46], 0x0785,
ADC_Buff.INJ[6][47], 0x0771,
ADC_Buff.INJ[6][48], 0x0761,
ADC_Buff.INJ[6][49], 0x0758,
ADC_Buff.INJ[6][50], 0x074F,
ADC_Buff.INJ[6][51], 0x0745,
ADC_Buff.INJ[6][52], 0x0742,
ADC_Buff.INJ[6][53], 0x0740,
ADC_Buff.INJ[6][54], 0x073E,
ADC_Buff.INJ[6][55], 0x073D,
ADC_Buff.INJ[6][56], 0x073E,
ADC_Buff.INJ[6][57], 0x0742,
ADC_Buff.INJ[6][58], 0x0746,
ADC_Buff.INJ[6][59], 0x074D,
ADC_Buff.INJ[6][60], 0x0754,
ADC_Buff.INJ[6][61], 0x075D,
ADC_Buff.INJ[6][62], 0x076A,
ADC_Buff.INJ[6][63], 0x0774,
ADC_Buff.INJ[7][0], 0x077A,
ADC_Buff.INJ[7][1], 0x077C,
ADC_Buff.INJ[7][2], 0x078A,
ADC_Buff.INJ[7][3], 0x0795,
ADC_Buff.INJ[7][4], 0x07A4,
ADC_Buff.INJ[7][5], 0x07B5,
ADC_Buff.INJ[7][6], 0x07C6,
ADC_Buff.INJ[7][7], 0x07D6,
ADC_Buff.INJ[7][8], 0x07E7,
ADC_Buff.INJ[7][9], 0x07FA,
ADC_Buff.INJ[7][10], 0x080C,
ADC_Buff.INJ[7][11], 0x081C,
ADC_Buff.INJ[7][12], 0x0825,
ADC_Buff.INJ[7][13], 0x0829,
ADC_Buff.INJ[7][14], 0x0838,
ADC_Buff.INJ[7][15], 0x0844,
ADC_Buff.INJ[7][16], 0x084C,
ADC_Buff.INJ[7][17], 0x085A,
ADC_Buff.INJ[7][18], 0x0864,
ADC_Buff.INJ[7][19], 0x086B,
ADC_Buff.INJ[7][20], 0x0871,
ADC_Buff.INJ[7][21], 0x0877,
ADC_Buff.INJ[7][22], 0x087B,
ADC_Buff.INJ[7][23], 0x087D,
ADC_Buff.INJ[7][24], 0x087F,
ADC_Buff.INJ[7][25], 0x087D,
ADC_Buff.INJ[7][26], 0x087A,
ADC_Buff.INJ[7][27], 0x0878,
ADC_Buff.INJ[7][28], 0x0872,
ADC_Buff.INJ[7][29], 0x0867,
ADC_Buff.INJ[7][30], 0x0857,
ADC_Buff.INJ[7][31], 0x084B,
ADC_Buff.INJ[7][32], 0x0841,
ADC_Buff.INJ[7][33], 0x0832,
ADC_Buff.INJ[7][34], 0x0827,
ADC_Buff.INJ[7][35], 0x081B,
ADC_Buff.INJ[7][36], 0x080E,
ADC_Buff.INJ[7][37], 0x0800,
ADC_Buff.INJ[7][38], 0x07F0,
ADC_Buff.INJ[7][39], 0x07E2,
ADC_Buff.INJ[7][40], 0x07D3,
ADC_Buff.INJ[7][41], 0x07C6,
ADC_Buff.INJ[7][42], 0x07B9,
ADC_Buff.INJ[7][43], 0x07AB,
ADC_Buff.INJ[7][44], 0x079F,
ADC_Buff.INJ[7][45], 0x0793,
ADC_Buff.INJ[7][46], 0x0783,
ADC_Buff.INJ[7][47], 0x076F,
ADC_Buff.INJ[7][48], 0x0761,
ADC_Buff.INJ[7][49], 0x0758,
ADC_Buff.INJ[7][50], 0x0750,
ADC_Buff.INJ[7][51], 0x0746,
ADC_Buff.INJ[7][52], 0x0743,
ADC_Buff.INJ[7][53], 0x0741,
ADC_Buff.INJ[7][54], 0x073E,
ADC_Buff.INJ[7][55], 0x073E,
ADC_Buff.INJ[7][56], 0x073F,
ADC_Buff.INJ[7][57], 0x0742,
ADC_Buff.INJ[7][58], 0x0747,
ADC_Buff.INJ[7][59], 0x074C,
ADC_Buff.INJ[7][60], 0x0753,
ADC_Buff.INJ[7][61], 0x075C,
ADC_Buff.INJ[7][62], 0x0767,
ADC_Buff.INJ[7][63], 0x0773,
ADC_Buff.INJ[8][0], 0x077D,
ADC_Buff.INJ[8][1], 0x0787,
ADC_Buff.INJ[8][2], 0x078D,
ADC_Buff.INJ[8][3], 0x0795,
ADC_Buff.INJ[8][4], 0x07A5,
ADC_Buff.INJ[8][5], 0x07B1,
ADC_Buff.INJ[8][6], 0x07C0,
ADC_Buff.INJ[8][7], 0x07D3,
ADC_Buff.INJ[8][8], 0x07E4,
ADC_Buff.INJ[8][9], 0x07F4,
ADC_Buff.INJ[8][10], 0x0803,
ADC_Buff.INJ[8][11], 0x0815,
ADC_Buff.INJ[8][12], 0x0825,
ADC_Buff.INJ[8][13], 0x0833,
ADC_Buff.INJ[8][14], 0x0841,
ADC_Buff.INJ[8][15], 0x084D,
ADC_Buff.INJ[8][16], 0x085A,
ADC_Buff.INJ[8][17], 0x0865,
ADC_Buff.INJ[8][18], 0x086F,
ADC_Buff.INJ[8][19], 0x0874,
ADC_Buff.INJ[8][20], 0x086F,
ADC_Buff.INJ[8][21], 0x0872,
ADC_Buff.INJ[8][22], 0x0875,
ADC_Buff.INJ[8][23], 0x0873,
ADC_Buff.INJ[8][24], 0x0873,
ADC_Buff.INJ[8][25], 0x0874,
ADC_Buff.INJ[8][26], 0x0872,
ADC_Buff.INJ[8][27], 0x086D,
ADC_Buff.INJ[8][28], 0x0867,
ADC_Buff.INJ[8][29], 0x0860,
ADC_Buff.INJ[8][30], 0x0859,
ADC_Buff.INJ[8][31], 0x084F,
ADC_Buff.INJ[8][32], 0x0846,
ADC_Buff.INJ[8][33], 0x083B,
ADC_Buff.INJ[8][34], 0x082F,
ADC_Buff.INJ[8][35], 0x0823,
ADC_Buff.INJ[8][36], 0x0817,
ADC_Buff.INJ[8][37], 0x0809,
ADC_Buff.INJ[8][38], 0x07FA,
ADC_Buff.INJ[8][39], 0x07E7,
ADC_Buff.INJ[8][40], 0x07CE,
ADC_Buff.INJ[8][41], 0x07BE,
ADC_Buff.INJ[8][42], 0x07B0,
ADC_Buff.INJ[8][43], 0x079F,
ADC_Buff.INJ[8][44], 0x0790,
ADC_Buff.INJ[8][45], 0x0786,
ADC_Buff.INJ[8][46], 0x077A,
ADC_Buff.INJ[8][47], 0x076F,
ADC_Buff.INJ[8][48], 0x0764,
ADC_Buff.INJ[8][49], 0x075B,
ADC_Buff.INJ[8][50], 0x0753,
ADC_Buff.INJ[8][51], 0x074E,
ADC_Buff.INJ[8][52], 0x074A,
ADC_Buff.INJ[8][53], 0x0746,
ADC_Buff.INJ[8][54], 0x0745,
ADC_Buff.INJ[8][55], 0x0746,
ADC_Buff.INJ[8][56], 0x0747,
ADC_Buff.INJ[8][57], 0x074B,
ADC_Buff.INJ[8][58], 0x074C,
ADC_Buff.INJ[8][59], 0x074A,
ADC_Buff.INJ[8][60], 0x074B,
ADC_Buff.INJ[8][61], 0x0753,
ADC_Buff.INJ[8][62], 0x075A,
ADC_Buff.INJ[8][63], 0x0762,
ADC_Buff.INJ[9][0], 0x076E,
ADC_Buff.INJ[9][1], 0x077C,
ADC_Buff.INJ[9][2], 0x0789,
ADC_Buff.INJ[9][3], 0x0798,
ADC_Buff.INJ[9][4], 0x07A8,
ADC_Buff.INJ[9][5], 0x07B7,
ADC_Buff.INJ[9][6], 0x07C7,
ADC_Buff.INJ[9][7], 0x07D8,
ADC_Buff.INJ[9][8], 0x07E9,
ADC_Buff.INJ[9][9], 0x07FA,
ADC_Buff.INJ[9][10], 0x080B,
ADC_Buff.INJ[9][11], 0x081C,
ADC_Buff.INJ[9][12], 0x082C,
ADC_Buff.INJ[9][13], 0x083A,
ADC_Buff.INJ[9][14], 0x0845,
ADC_Buff.INJ[9][15], 0x0847,
ADC_Buff.INJ[9][16], 0x084F,
ADC_Buff.INJ[9][17], 0x085A,
ADC_Buff.INJ[9][18], 0x0861,
ADC_Buff.INJ[9][19], 0x0866,
ADC_Buff.INJ[9][20], 0x086E,
ADC_Buff.INJ[9][21], 0x0874,
ADC_Buff.INJ[9][22], 0x0878,
ADC_Buff.INJ[9][23], 0x0879,
ADC_Buff.INJ[9][24], 0x0879,
ADC_Buff.INJ[9][25], 0x0878,
ADC_Buff.INJ[9][26], 0x0876,
ADC_Buff.INJ[9][27], 0x0872,
ADC_Buff.INJ[9][28], 0x086D,
ADC_Buff.INJ[9][29], 0x0867,
ADC_Buff.INJ[9][30], 0x085F,
ADC_Buff.INJ[9][31], 0x0856,
ADC_Buff.INJ[9][32], 0x084C,
ADC_Buff.INJ[9][33], 0x0840,
ADC_Buff.INJ[9][34], 0x0833,
ADC_Buff.INJ[9][35], 0x081E,
ADC_Buff.INJ[9][36], 0x080A,
ADC_Buff.INJ[9][37], 0x07FD,
ADC_Buff.INJ[9][38], 0x07ED,
ADC_Buff.INJ[9][39], 0x07DB,
ADC_Buff.INJ[9][40], 0x07CD,
ADC_Buff.INJ[9][41], 0x07BF,
ADC_Buff.INJ[9][42], 0x07B1,
ADC_Buff.INJ[9][43], 0x07A3,
ADC_Buff.INJ[9][44], 0x0796,
ADC_Buff.INJ[9][45], 0x078A,
ADC_Buff.INJ[9][46], 0x077E,
ADC_Buff.INJ[9][47], 0x0773,
ADC_Buff.INJ[9][48], 0x0769,
ADC_Buff.INJ[9][49], 0x0761,
ADC_Buff.INJ[9][50], 0x075A,
ADC_Buff.INJ[9][51], 0x0755,
ADC_Buff.INJ[9][52], 0x0750,
ADC_Buff.INJ[9][53], 0x0749,
ADC_Buff.INJ[9][54], 0x073E,
ADC_Buff.INJ[9][55], 0x073A,
ADC_Buff.INJ[9][56], 0x073C,
ADC_Buff.INJ[9][57], 0x073C,
ADC_Buff.INJ[9][58], 0x073E,
ADC_Buff.INJ[9][59], 0x0745,
ADC_Buff.INJ[9][60], 0x074D,
ADC_Buff.INJ[9][61], 0x0754,
ADC_Buff.INJ[9][62], 0x075D,
ADC_Buff.INJ[9][63], 0x0768,
ADC_Buff.INJ[10][0], 0x0773,
ADC_Buff.INJ[10][1], 0x0781,
ADC_Buff.INJ[10][2], 0x078E,
ADC_Buff.INJ[10][3], 0x079D,
ADC_Buff.INJ[10][4], 0x07AE,
ADC_Buff.INJ[10][5], 0x07BF,
ADC_Buff.INJ[10][6], 0x07D1,
ADC_Buff.INJ[10][7], 0x07E1,
ADC_Buff.INJ[10][8], 0x07F0,
ADC_Buff.INJ[10][9], 0x07F7,
ADC_Buff.INJ[10][10], 0x0802,
ADC_Buff.INJ[10][11], 0x0812,
ADC_Buff.INJ[10][12], 0x081F,
ADC_Buff.INJ[10][13], 0x082B,
ADC_Buff.INJ[10][14], 0x083A,
ADC_Buff.INJ[10][15], 0x0848,
ADC_Buff.INJ[10][16], 0x0854,
ADC_Buff.INJ[10][17], 0x085E,
ADC_Buff.INJ[10][18], 0x0866,
ADC_Buff.INJ[10][19], 0x086F,
ADC_Buff.INJ[10][20], 0x0875,
ADC_Buff.INJ[10][21], 0x087A,
ADC_Buff.INJ[10][22], 0x087E,
ADC_Buff.INJ[10][23], 0x0882,
ADC_Buff.INJ[10][24], 0x0883,
ADC_Buff.INJ[10][25], 0x0883,
ADC_Buff.INJ[10][26], 0x0881,
ADC_Buff.INJ[10][27], 0x087B,
ADC_Buff.INJ[10][28], 0x086F,
ADC_Buff.INJ[10][29], 0x0860,
ADC_Buff.INJ[10][30], 0x0857,
ADC_Buff.INJ[10][31], 0x084D,
ADC_Buff.INJ[10][32], 0x083F,
ADC_Buff.INJ[10][33], 0x0835,
ADC_Buff.INJ[10][34], 0x082B,
ADC_Buff.INJ[10][35], 0x081E,
ADC_Buff.INJ[10][36], 0x080F,
ADC_Buff.INJ[10][37], 0x0802,
ADC_Buff.INJ[10][38], 0x07F2,
ADC_Buff.INJ[10][39], 0x07E3,
ADC_Buff.INJ[10][40], 0x07D5,
ADC_Buff.INJ[10][41], 0x07C7,
ADC_Buff.INJ[10][42], 0x07B9,
ADC_Buff.INJ[10][43], 0x07AB,
ADC_Buff.INJ[10][44], 0x079F,
ADC_Buff.INJ[10][45], 0x0794,
ADC_Buff.INJ[10][46], 0x0787,
ADC_Buff.INJ[10][47], 0x0773,
ADC_Buff.INJ[10][48], 0x0762,
ADC_Buff.INJ[10][49], 0x075A,
ADC_Buff.INJ[10][50], 0x0750,
ADC_Buff.INJ[10][51], 0x0747,
ADC_Buff.INJ[10][52], 0x0743,
ADC_Buff.INJ[10][53], 0x0741,
ADC_Buff.INJ[10][54], 0x073F,
ADC_Buff.INJ[10][55], 0x073E,
ADC_Buff.INJ[10][56], 0x073E,
ADC_Buff.INJ[10][57], 0x0741,
ADC_Buff.INJ[10][58], 0x0746,
ADC_Buff.INJ[10][59], 0x074D,
ADC_Buff.INJ[10][60], 0x0754,
ADC_Buff.INJ[10][61], 0x075E,
ADC_Buff.INJ[10][62], 0x0769,
ADC_Buff.INJ[10][63], 0x0771,
ADC_Buff.INJ[11][0], 0x0772,
ADC_Buff.INJ[11][1], 0x077A,
ADC_Buff.INJ[11][2], 0x0787,
ADC_Buff.INJ[11][3], 0x0794,
ADC_Buff.INJ[11][4], 0x07A5,
ADC_Buff.INJ[11][5], 0x07B6,
ADC_Buff.INJ[11][6], 0x07C6,
ADC_Buff.INJ[11][7], 0x07D8,
ADC_Buff.INJ[11][8], 0x07E9,
ADC_Buff.INJ[11][9], 0x07FB,
ADC_Buff.INJ[11][10], 0x080B,
ADC_Buff.INJ[11][11], 0x081D,
ADC_Buff.INJ[11][12], 0x082D,
ADC_Buff.INJ[11][13], 0x0837,
ADC_Buff.INJ[11][14], 0x083B,
ADC_Buff.INJ[11][15], 0x0846,
ADC_Buff.INJ[11][16], 0x0852,
ADC_Buff.INJ[11][17], 0x0859,
ADC_Buff.INJ[11][18], 0x0864,
ADC_Buff.INJ[11][19], 0x086D,
ADC_Buff.INJ[11][20], 0x0873,
ADC_Buff.INJ[11][21], 0x0877,
ADC_Buff.INJ[11][22], 0x087C,
ADC_Buff.INJ[11][23], 0x087E,
ADC_Buff.INJ[11][24], 0x087D,
ADC_Buff.INJ[11][25], 0x087E,
ADC_Buff.INJ[11][26], 0x087B,
ADC_Buff.INJ[11][27], 0x0877,
ADC_Buff.INJ[11][28], 0x0873,
ADC_Buff.INJ[11][29], 0x086C,
ADC_Buff.INJ[11][30], 0x085B,
ADC_Buff.INJ[11][31], 0x084A,
ADC_Buff.INJ[11][32], 0x0840,
ADC_Buff.INJ[11][33], 0x0833,
ADC_Buff.INJ[11][34], 0x0826,
ADC_Buff.INJ[11][35], 0x081C,
ADC_Buff.INJ[11][36], 0x080E,
ADC_Buff.INJ[11][37], 0x0801,
ADC_Buff.INJ[11][38], 0x07F4,
ADC_Buff.INJ[11][39], 0x07E3,
ADC_Buff.INJ[11][40], 0x07D5,
ADC_Buff.INJ[11][41], 0x07C7,
ADC_Buff.INJ[11][42], 0x07B9,
ADC_Buff.INJ[11][43], 0x07AC,
ADC_Buff.INJ[11][44], 0x07A1,
ADC_Buff.INJ[11][45], 0x0793,
ADC_Buff.INJ[11][46], 0x0782,
ADC_Buff.INJ[11][47], 0x0770,
ADC_Buff.INJ[11][48], 0x0764,
ADC_Buff.INJ[11][49], 0x075A,
ADC_Buff.INJ[11][50], 0x074F,
ADC_Buff.INJ[11][51], 0x0749,
ADC_Buff.INJ[11][52], 0x0746,
ADC_Buff.INJ[11][53], 0x0742,
ADC_Buff.INJ[11][54], 0x073E,
ADC_Buff.INJ[11][55], 0x073E,
ADC_Buff.INJ[11][56], 0x0743,
ADC_Buff.INJ[11][57], 0x0743,
ADC_Buff.INJ[11][58], 0x0747,
ADC_Buff.INJ[11][59], 0x074E,
ADC_Buff.INJ[11][60], 0x0755,
ADC_Buff.INJ[11][61], 0x075F,
ADC_Buff.INJ[11][62], 0x0769,
ADC_Buff.INJ[11][63], 0x0772,
ADC_Buff.INJ[12][0], 0x0778,
ADC_Buff.INJ[12][1], 0x077D,
ADC_Buff.INJ[12][2], 0x0787,
ADC_Buff.INJ[12][3], 0x0795,
ADC_Buff.INJ[12][4], 0x07A0,
ADC_Buff.INJ[12][5], 0x07B2,
ADC_Buff.INJ[12][6], 0x07C3,
ADC_Buff.INJ[12][7], 0x07D3,
ADC_Buff.INJ[12][8], 0x07E2,
ADC_Buff.INJ[12][9], 0x07F4,
ADC_Buff.INJ[12][10], 0x0808,
ADC_Buff.INJ[12][11], 0x0816,
ADC_Buff.INJ[12][12], 0x0826,
ADC_Buff.INJ[12][13], 0x0835,
ADC_Buff.INJ[12][14], 0x0843,
ADC_Buff.INJ[12][15], 0x0851,
ADC_Buff.INJ[12][16], 0x085D,
ADC_Buff.INJ[12][17], 0x085D,
ADC_Buff.INJ[12][18], 0x0861,
ADC_Buff.INJ[12][19], 0x086C,
ADC_Buff.INJ[12][20], 0x086D,
ADC_Buff.INJ[12][21], 0x0870,
ADC_Buff.INJ[12][22], 0x0876,
ADC_Buff.INJ[12][23], 0x0879,
ADC_Buff.INJ[12][24], 0x0879,
ADC_Buff.INJ[12][25], 0x0876,
ADC_Buff.INJ[12][26], 0x0873,
ADC_Buff.INJ[12][27], 0x086F,
ADC_Buff.INJ[12][28], 0x086D,
ADC_Buff.INJ[12][29], 0x0863,
ADC_Buff.INJ[12][30], 0x085D,
ADC_Buff.INJ[12][31], 0x0854,
ADC_Buff.INJ[12][32], 0x084A,
ADC_Buff.INJ[12][33], 0x083F,
ADC_Buff.INJ[12][34], 0x0833,
ADC_Buff.INJ[12][35], 0x0826,
ADC_Buff.INJ[12][36], 0x0811,
ADC_Buff.INJ[12][37], 0x07FE,
ADC_Buff.INJ[12][38], 0x07EE,
ADC_Buff.INJ[12][39], 0x07DD,
ADC_Buff.INJ[12][40], 0x07CC,
ADC_Buff.INJ[12][41], 0x07C0,
ADC_Buff.INJ[12][42], 0x07B3,
ADC_Buff.INJ[12][43], 0x07A4,
ADC_Buff.INJ[12][44], 0x0796,
ADC_Buff.INJ[12][45], 0x078A,
ADC_Buff.INJ[12][46], 0x0782,
ADC_Buff.INJ[12][47], 0x0773,
ADC_Buff.INJ[12][48], 0x0769,
ADC_Buff.INJ[12][49], 0x0760,
ADC_Buff.INJ[12][50], 0x075A,
ADC_Buff.INJ[12][51], 0x0755,
ADC_Buff.INJ[12][52], 0x0750,
ADC_Buff.INJ[12][53], 0x074C,
ADC_Buff.INJ[12][54], 0x0746,
ADC_Buff.INJ[12][55], 0x073F,
ADC_Buff.INJ[12][56], 0x073C,
ADC_Buff.INJ[12][57], 0x073E,
ADC_Buff.INJ[12][58], 0x0740,
ADC_Buff.INJ[12][59], 0x0744,
ADC_Buff.INJ[12][60], 0x074D,
ADC_Buff.INJ[12][61], 0x0755,
ADC_Buff.INJ[12][62], 0x075E,
ADC_Buff.INJ[12][63], 0x0769,
ADC_Buff.INJ[13][0], 0x0778,
ADC_Buff.INJ[13][1], 0x0782,
ADC_Buff.INJ[13][2], 0x0790,
ADC_Buff.INJ[13][3], 0x079E,
ADC_Buff.INJ[13][4], 0x07AD,
ADC_Buff.INJ[13][5], 0x07BD,
ADC_Buff.INJ[13][6], 0x07CE,
ADC_Buff.INJ[13][7], 0x07DF,
ADC_Buff.INJ[13][8], 0x07EE,
ADC_Buff.INJ[13][9], 0x07FA,
ADC_Buff.INJ[13][10], 0x0800,
ADC_Buff.INJ[13][11], 0x0811,
ADC_Buff.INJ[13][12], 0x081F,
ADC_Buff.INJ[13][13], 0x082A,
ADC_Buff.INJ[13][14], 0x0838,
ADC_Buff.INJ[13][15], 0x0846,
ADC_Buff.INJ[13][16], 0x0851,
ADC_Buff.INJ[13][17], 0x085C,
ADC_Buff.INJ[13][18], 0x0869,
ADC_Buff.INJ[13][19], 0x086D,
ADC_Buff.INJ[13][20], 0x0874,
ADC_Buff.INJ[13][21], 0x087A,
ADC_Buff.INJ[13][22], 0x087D,
ADC_Buff.INJ[13][23], 0x087F,
ADC_Buff.INJ[13][24], 0x0881,
ADC_Buff.INJ[13][25], 0x0880,
ADC_Buff.INJ[13][26], 0x087E,
ADC_Buff.INJ[13][27], 0x087D,
ADC_Buff.INJ[13][28], 0x0870,
ADC_Buff.INJ[13][29], 0x085F,
ADC_Buff.INJ[13][30], 0x0855,
ADC_Buff.INJ[13][31], 0x084B,
ADC_Buff.INJ[13][32], 0x083E,
ADC_Buff.INJ[13][33], 0x0832,
ADC_Buff.INJ[13][34], 0x0827,
ADC_Buff.INJ[13][35], 0x081C,
ADC_Buff.INJ[13][36], 0x0810,
ADC_Buff.INJ[13][37], 0x07FE,
ADC_Buff.INJ[13][38], 0x07EF,
ADC_Buff.INJ[13][39], 0x07E0,
ADC_Buff.INJ[13][40], 0x07D2,
ADC_Buff.INJ[13][41], 0x07C4,
ADC_Buff.INJ[13][42], 0x07B7,
ADC_Buff.INJ[13][43], 0x07A9,
ADC_Buff.INJ[13][44], 0x079D,
ADC_Buff.INJ[13][45], 0x0794,
ADC_Buff.INJ[13][46], 0x0785,
ADC_Buff.INJ[13][47], 0x0771,
ADC_Buff.INJ[13][48], 0x0761,
ADC_Buff.INJ[13][49], 0x0758,
ADC_Buff.INJ[13][50], 0x074E,
ADC_Buff.INJ[13][51], 0x0746,
ADC_Buff.INJ[13][52], 0x0743,
ADC_Buff.INJ[13][53], 0x0741,
ADC_Buff.INJ[13][54], 0x0742,
ADC_Buff.INJ[13][55], 0x073E,
ADC_Buff.INJ[13][56], 0x073F,
ADC_Buff.INJ[13][57], 0x0742,
ADC_Buff.INJ[13][58], 0x0746,
ADC_Buff.INJ[13][59], 0x074C,
ADC_Buff.INJ[13][60], 0x0755,
ADC_Buff.INJ[13][61], 0x075D,
ADC_Buff.INJ[13][62], 0x0767,
ADC_Buff.INJ[13][63], 0x0777,
ADC_Buff.INJ[14][0], 0x077B,
ADC_Buff.INJ[14][1], 0x077D,
ADC_Buff.INJ[14][2], 0x0786,
ADC_Buff.INJ[14][3], 0x0795,
ADC_Buff.INJ[14][4], 0x07A3,
ADC_Buff.INJ[14][5], 0x07B0,
ADC_Buff.INJ[14][6], 0x07C0,
ADC_Buff.INJ[14][7], 0x07D2,
ADC_Buff.INJ[14][8], 0x07E6,
ADC_Buff.INJ[14][9], 0x07F3,
ADC_Buff.INJ[14][10], 0x0803,
ADC_Buff.INJ[14][11], 0x0814,
ADC_Buff.INJ[14][12], 0x0824,
ADC_Buff.INJ[14][13], 0x0832,
ADC_Buff.INJ[14][14], 0x0840,
ADC_Buff.INJ[14][15], 0x084C,
ADC_Buff.INJ[14][16], 0x0859,
ADC_Buff.INJ[14][17], 0x0868,
ADC_Buff.INJ[14][18], 0x086E,
ADC_Buff.INJ[14][19], 0x0872,
ADC_Buff.INJ[14][20], 0x0871,
ADC_Buff.INJ[14][21], 0x0871,
ADC_Buff.INJ[14][22], 0x0875,
ADC_Buff.INJ[14][23], 0x0875,
ADC_Buff.INJ[14][24], 0x0873,
ADC_Buff.INJ[14][25], 0x0874,
ADC_Buff.INJ[14][26], 0x0876,
ADC_Buff.INJ[14][27], 0x086E,
ADC_Buff.INJ[14][28], 0x0867,
ADC_Buff.INJ[14][29], 0x0861,
ADC_Buff.INJ[14][30], 0x0859,
ADC_Buff.INJ[14][31], 0x0850,
ADC_Buff.INJ[14][32], 0x0846,
ADC_Buff.INJ[14][33], 0x083A,
ADC_Buff.INJ[14][34], 0x082F,
ADC_Buff.INJ[14][35], 0x0826,
ADC_Buff.INJ[14][36], 0x0816,
ADC_Buff.INJ[14][37], 0x0808,
ADC_Buff.INJ[14][38], 0x07F6,
ADC_Buff.INJ[14][39], 0x07DE,
ADC_Buff.INJ[14][40], 0x07CB,
ADC_Buff.INJ[14][41], 0x07BD,
ADC_Buff.INJ[14][42], 0x07AC,
ADC_Buff.INJ[14][43], 0x079E,
ADC_Buff.INJ[14][44], 0x0796,
ADC_Buff.INJ[14][45], 0x0787,
ADC_Buff.INJ[14][46], 0x077A,
ADC_Buff.INJ[14][47], 0x076F,
ADC_Buff.INJ[14][48], 0x0764,
ADC_Buff.INJ[14][49], 0x075B,
ADC_Buff.INJ[14][50], 0x0754,
ADC_Buff.INJ[14][51], 0x074E,
ADC_Buff.INJ[14][52], 0x0749,
ADC_Buff.INJ[14][53], 0x074B,
ADC_Buff.INJ[14][54], 0x0747,
ADC_Buff.INJ[14][55], 0x0749,
ADC_Buff.INJ[14][56], 0x0747,
ADC_Buff.INJ[14][57], 0x073F,
ADC_Buff.INJ[14][58], 0x0740,
ADC_Buff.INJ[14][59], 0x0746,
ADC_Buff.INJ[14][60], 0x0748,
ADC_Buff.INJ[14][61], 0x0753,
ADC_Buff.INJ[14][62], 0x0760,
ADC_Buff.INJ[14][63], 0x0768,
ADC_Buff.INJ[15][0], 0x0773,
ADC_Buff.INJ[15][1], 0x0781,
ADC_Buff.INJ[15][2], 0x078E,
ADC_Buff.INJ[15][3], 0x079E,
ADC_Buff.INJ[15][4], 0x07AE,
ADC_Buff.INJ[15][5], 0x07BF,
ADC_Buff.INJ[15][6], 0x07D0,
ADC_Buff.INJ[15][7], 0x07DB,
ADC_Buff.INJ[15][8], 0x07E2,
ADC_Buff.INJ[15][9], 0x07F3,
ADC_Buff.INJ[15][10], 0x0805,
ADC_Buff.INJ[15][11], 0x0815,
ADC_Buff.INJ[15][12], 0x0825,
ADC_Buff.INJ[15][13], 0x0834,
ADC_Buff.INJ[15][14], 0x0842,
ADC_Buff.INJ[15][15], 0x084F,
ADC_Buff.INJ[15][16], 0x085D,
ADC_Buff.INJ[15][17], 0x0867,
ADC_Buff.INJ[15][18], 0x086D,
ADC_Buff.INJ[15][19], 0x086A,
ADC_Buff.INJ[15][20], 0x086E,
ADC_Buff.INJ[15][21], 0x0873,
ADC_Buff.INJ[15][22], 0x0874,
ADC_Buff.INJ[15][23], 0x0877,
ADC_Buff.INJ[15][24], 0x0879,
ADC_Buff.INJ[15][25], 0x0878,
ADC_Buff.INJ[15][26], 0x0875,
ADC_Buff.INJ[15][27], 0x0872,
ADC_Buff.INJ[15][28], 0x086D,
ADC_Buff.INJ[15][29], 0x0866,
ADC_Buff.INJ[15][30], 0x085E,
ADC_Buff.INJ[15][31], 0x0855,
ADC_Buff.INJ[15][32], 0x084C,
ADC_Buff.INJ[15][33], 0x0841,
ADC_Buff.INJ[15][34], 0x0832,
ADC_Buff.INJ[15][35], 0x081B,
ADC_Buff.INJ[15][36], 0x080B,
ADC_Buff.INJ[15][37], 0x07FB,
ADC_Buff.INJ[15][38], 0x07E9,
ADC_Buff.INJ[15][39], 0x07DE,
ADC_Buff.INJ[15][40], 0x07CF,
ADC_Buff.INJ[15][41], 0x07C0,
ADC_Buff.INJ[15][42], 0x07B2,
ADC_Buff.INJ[15][43], 0x07A1,
ADC_Buff.INJ[15][44], 0x0798,
ADC_Buff.INJ[15][45], 0x078C,
ADC_Buff.INJ[15][46], 0x0780,
ADC_Buff.INJ[15][47], 0x0775,
ADC_Buff.INJ[15][48], 0x076D,
ADC_Buff.INJ[15][49], 0x0764,
ADC_Buff.INJ[15][50], 0x075C,
ADC_Buff.INJ[15][51], 0x074D,
ADC_Buff.INJ[15][52], 0x073F,
ADC_Buff.INJ[15][53], 0x073E,
ADC_Buff.INJ[15][54], 0x073A,
ADC_Buff.INJ[15][55], 0x0737,
ADC_Buff.INJ[15][56], 0x073A,
ADC_Buff.INJ[15][57], 0x073E,
ADC_Buff.INJ[15][58], 0x0742,
ADC_Buff.INJ[15][59], 0x0747,
ADC_Buff.INJ[15][60], 0x074E,
ADC_Buff.INJ[15][61], 0x0753,
ADC_Buff.INJ[15][62], 0x0760,
ADC_Buff.INJ[15][63], 0x076B,
