sine_wave[0], 0x07FF,
sine_wave[1], 0x0811,
sine_wave[2], 0x0823,
sine_wave[3], 0x0834,
sine_wave[4], 0x0846,
sine_wave[5], 0x0856,
sine_wave[6], 0x0866,
sine_wave[7], 0x0874,
sine_wave[8], 0x0882,
sine_wave[9], 0x088E,
sine_wave[10], 0x0899,
sine_wave[11], 0x08A3,
sine_wave[12], 0x08AA,
sine_wave[13], 0x08B0,
sine_wave[14], 0x08B5,
sine_wave[15], 0x08B8,
sine_wave[16], 0x08B9,
sine_wave[17], 0x08B8,
sine_wave[18], 0x08B5,
sine_wave[19], 0x08B0,
sine_wave[20], 0x08AA,
sine_wave[21], 0x08A3,
sine_wave[22], 0x0899,
sine_wave[23], 0x088E,
sine_wave[24], 0x0882,
sine_wave[25], 0x0874,
sine_wave[26], 0x0866,
sine_wave[27], 0x0856,
sine_wave[28], 0x0846,
sine_wave[29], 0x0834,
sine_wave[30], 0x0823,
sine_wave[31], 0x0811,
sine_wave[32], 0x07FF,
sine_wave[33], 0x07EC,
sine_wave[34], 0x07DA,
sine_wave[35], 0x07C9,
sine_wave[36], 0x07B7,
sine_wave[37], 0x07A7,
sine_wave[38], 0x0797,
sine_wave[39], 0x0789,
sine_wave[40], 0x077B,
sine_wave[41], 0x076F,
sine_wave[42], 0x0764,
sine_wave[43], 0x075A,
sine_wave[44], 0x0753,
sine_wave[45], 0x074D,
sine_wave[46], 0x0748,
sine_wave[47], 0x0745,
sine_wave[48], 0x0745,
sine_wave[49], 0x0745,
sine_wave[50], 0x0748,
sine_wave[51], 0x074D,
sine_wave[52], 0x0753,
sine_wave[53], 0x075A,
sine_wave[54], 0x0764,
sine_wave[55], 0x076F,
sine_wave[56], 0x077B,
sine_wave[57], 0x0789,
sine_wave[58], 0x0797,
sine_wave[59], 0x07A7,
sine_wave[60], 0x07B7,
sine_wave[61], 0x07C9,
sine_wave[62], 0x07DA,
sine_wave[63], 0x07EC,
