<?xml version="1.0" encoding="UTF-8"?>
<project-private xmlns="http://www.netbeans.org/ns/project-private/1">
    <editor-bookmarks xmlns="http://www.netbeans.org/ns/editor-bookmarks/2" lastBookmarkId="0"/>
    <open-files xmlns="http://www.netbeans.org/ns/projectui-open-files/2">
        <group>
            <file>file:/C:/Users/C19117/OneDrive%20-%20Microchip%20Technology%20Inc/Documents/SBD/Battery%20Impedance/aiml-click01_7-15-24.X/aiml-click01.X/app.c</file>
            <file>file:/C:/Users/C19117/OneDrive%20-%20Microchip%20Technology%20Inc/Documents/SBD/Battery%20Impedance/aiml-click01_7-15-24.X/aiml-click01.X/main.c</file>
            <file>file:/C:/Users/C19117/OneDrive%20-%20Microchip%20Technology%20Inc/Documents/SBD/Battery%20Impedance/aiml-click01_7-15-24.X/aiml-click01.X/mcc_generated_files/timer/src/sccp2.c</file>
            <file>file:/C:/Users/C19117/OneDrive%20-%20Microchip%20Technology%20Inc/Documents/SBD/Battery%20Impedance/aiml-click01_7-15-24.X/aiml-click01.X/mcc_generated_files/system/src/dmt.c</file>
            <file>file:/C:/Users/C19117/OneDrive%20-%20Microchip%20Technology%20Inc/Documents/SBD/Battery%20Impedance/aiml-click01_7-15-24.X/aiml-click01.X/mcc_generated_files/cmp/src/cmp2.c</file>
            <file>file:/C:/Users/C19117/OneDrive%20-%20Microchip%20Technology%20Inc/Documents/SBD/Battery%20Impedance/aiml-click01_7-15-24.X/aiml-click01.X/mcc_generated_files/system/src/interrupt.c</file>
            <file>file:/C:/Users/C19117/OneDrive%20-%20Microchip%20Technology%20Inc/Documents/SBD/Battery%20Impedance/aiml-click01_7-15-24.X/aiml-click01.X/mcc_generated_files/adc/src/adc1.c</file>
            <file>file:/C:/Users/C19117/OneDrive%20-%20Microchip%20Technology%20Inc/Documents/SBD/Battery%20Impedance/aiml-click01_7-15-24.X/aiml-click01.X/mcc_generated_files/system/src/system.c</file>
            <file>file:/C:/Users/C19117/OneDrive%20-%20Microchip%20Technology%20Inc/Documents/SBD/Battery%20Impedance/aiml-click01_7-15-24.X/aiml-click01.X/app.h</file>
            <file>file:/C:/Users/C19117/OneDrive%20-%20Microchip%20Technology%20Inc/Documents/SBD/Battery%20Impedance/aiml-click01_7-15-24.X/aiml-click01.X/mcc_generated_files/system/src/traps.c</file>
            <file>file:/C:/Users/C19117/OneDrive%20-%20Microchip%20Technology%20Inc/Documents/SBD/Battery%20Impedance/aiml-click01_7-15-24.X/aiml-click01.X/mcc_generated_files/system/interrupt.h</file>
        </group>
    </open-files>
</project-private>
